[2026-06-30 08:46:50] === enrich_pending démarré ===
[2026-06-30 08:46:50] 72 docs en attente…
[2026-06-30 08:46:50]   → 1ce39b6d El poder de la propiedad. Élites y desamortización
[2026-06-30 08:47:38]   ✓ 1ce39b6d ok:1500c,6cit
[2026-06-30 08:47:38] 71 docs en attente…
[2026-06-30 08:47:38]   → 581a53c8 ILC — Cartes des constituencies (2025)
[2026-06-30 08:48:11]   ✗ 581a53c8 error: json_parse: Expecting value: line 1 column 1 (char 0)
[2026-06-30 08:48:11] 71 docs en attente…
[2026-06-30 08:48:11]   → 581a53c8 ILC — Cartes des constituencies (2025)
[2026-06-30 08:48:53]   ✓ 581a53c8 ok:1379c,7cit
[2026-06-30 08:48:53] 70 docs en attente…
[2026-06-30 08:48:53]   → 88bfc0cb Pour un veganisme populaire et décolonial — versio
[2026-06-30 08:49:52]   ✓ 88bfc0cb ok:1720c,10cit
[2026-06-30 08:49:52] 69 docs en attente…
[2026-06-30 08:49:53]   → 5c12100c Entretien avec une militante antispéciste anarchis
[2026-06-30 08:51:53]   ✓ 5c12100c ok:1403c,10cit
[2026-06-30 08:51:53] 68 docs en attente…
[2026-06-30 08:51:53]   → b8b0bfd8 Industriellt Jordbruk och Klimatkaos (version suéd
[2026-06-30 08:52:50]   ✓ b8b0bfd8 ok:2471c,10cit
[2026-06-30 08:52:50] 67 docs en attente…
[2026-06-30 08:52:50]   → 3d9a76fb Die Industrielle Landwirtschaft und das Klimachaos
[2026-06-30 08:54:00]   ✓ 3d9a76fb ok:2396c,10cit
[2026-06-30 08:54:00] 66 docs en attente…
[2026-06-30 08:54:00]   → fe77002b Det industrielle landbrug og klimakaos (version da
[2026-06-30 08:54:40]   ✗ fe77002b error: json_parse: Expecting value: line 1 column 1 (char 0)
[2026-06-30 08:54:40] 66 docs en attente…
[2026-06-30 08:54:40]   → fe77002b Det industrielle landbrug og klimakaos (version da
[2026-06-30 08:55:50]   ✓ fe77002b ok:1709c,10cit
[2026-06-30 08:55:51] 65 docs en attente…
[2026-06-30 08:55:51]   → d518396b Il "movimento" è morto, viva la... riforma ! (vers
[2026-06-30 08:56:44]   ✓ d518396b ok:1806c,7cit
[2026-06-30 08:56:44] 64 docs en attente…
[2026-06-30 08:56:44]   → 1c7c962e Ogm, fin de partie — version cahier
[2026-06-30 08:57:24]   ✗ 1c7c962e error: json_parse: Expecting value: line 1 column 1 (char 0)
[2026-06-30 08:57:24] 64 docs en attente…
[2026-06-30 08:57:24]   → 1c7c962e Ogm, fin de partie — version cahier
[2026-06-30 08:58:34]   ✓ 1c7c962e ok:1788c,10cit
[2026-06-30 08:58:34] 63 docs en attente…
[2026-06-30 08:58:34]   → fa200745 Squat et écriture
[2026-06-30 08:58:36] 63 docs en attente…
[2026-06-30 08:58:36]   → fa200745 Squat et écriture
[2026-06-30 08:58:37] 63 docs en attente…
[2026-06-30 08:58:37]   → fa200745 Squat et écriture
[2026-06-30 08:58:39] 63 docs en attente…
[2026-06-30 08:58:39]   → fa200745 Squat et écriture
[2026-06-30 08:58:40] 63 docs en attente…
[2026-06-30 08:58:40]   → fa200745 Squat et écriture
[2026-06-30 08:58:41] 63 docs en attente…
[2026-06-30 08:58:41]   → fa200745 Squat et écriture
[2026-06-30 08:58:43] 63 docs en attente…
[2026-06-30 08:58:43]   → fa200745 Squat et écriture
[2026-06-30 08:58:44] 63 docs en attente…
[2026-06-30 08:58:44]   → fa200745 Squat et écriture
[2026-06-30 08:58:45] 63 docs en attente…
[2026-06-30 08:58:45]   → fa200745 Squat et écriture
[2026-06-30 08:58:47] 63 docs en attente…
[2026-06-30 08:58:47]   → fa200745 Squat et écriture
[2026-06-30 08:58:48] 63 docs en attente…
[2026-06-30 08:58:48]   → fa200745 Squat et écriture
[2026-06-30 08:58:49] 63 docs en attente…
[2026-06-30 08:58:49]   → fa200745 Squat et écriture
[2026-06-30 08:58:51] 63 docs en attente…
[2026-06-30 08:58:51]   → fa200745 Squat et écriture
[2026-06-30 08:58:52] 63 docs en attente…
[2026-06-30 08:58:52]   → fa200745 Squat et écriture
[2026-06-30 08:58:53] 63 docs en attente…
[2026-06-30 08:58:53]   → fa200745 Squat et écriture
[2026-06-30 08:58:54] 63 docs en attente…
[2026-06-30 08:58:55]   → fa200745 Squat et écriture
[2026-06-30 08:58:56] 63 docs en attente…
[2026-06-30 08:58:56]   → fa200745 Squat et écriture
[2026-06-30 08:58:57] 63 docs en attente…
[2026-06-30 08:58:57]   → fa200745 Squat et écriture
[2026-06-30 08:58:58] 63 docs en attente…
[2026-06-30 08:58:59]   → fa200745 Squat et écriture
[2026-06-30 08:59:00] 63 docs en attente…
[2026-06-30 08:59:00]   → fa200745 Squat et écriture
[2026-06-30 08:59:01] 63 docs en attente…
[2026-06-30 08:59:01]   → fa200745 Squat et écriture
[2026-06-30 08:59:02] 63 docs en attente…
[2026-06-30 08:59:03]   → fa200745 Squat et écriture
[2026-06-30 08:59:04] 63 docs en attente…
[2026-06-30 08:59:04]   → fa200745 Squat et écriture
[2026-06-30 08:59:05] 63 docs en attente…
[2026-06-30 08:59:05]   → fa200745 Squat et écriture
[2026-06-30 08:59:07] 63 docs en attente…
[2026-06-30 08:59:07]   → fa200745 Squat et écriture
[2026-06-30 08:59:08] 63 docs en attente…
[2026-06-30 08:59:08]   → fa200745 Squat et écriture
[2026-06-30 08:59:10] 63 docs en attente…
[2026-06-30 08:59:10]   → fa200745 Squat et écriture
[2026-06-30 08:59:11] 63 docs en attente…
[2026-06-30 08:59:11]   → fa200745 Squat et écriture
[2026-06-30 08:59:13] 63 docs en attente…
[2026-06-30 08:59:13]   → fa200745 Squat et écriture
[2026-06-30 08:59:15] 63 docs en attente…
[2026-06-30 08:59:15]   → fa200745 Squat et écriture
[2026-06-30 08:59:16] 63 docs en attente…
[2026-06-30 08:59:16]   → fa200745 Squat et écriture
[2026-06-30 08:59:18] 63 docs en attente…
[2026-06-30 08:59:18]   → fa200745 Squat et écriture
[2026-06-30 08:59:19] 63 docs en attente…
[2026-06-30 08:59:19]   → fa200745 Squat et écriture
[2026-06-30 08:59:20] 63 docs en attente…
[2026-06-30 08:59:20]   → fa200745 Squat et écriture
[2026-06-30 08:59:22] 63 docs en attente…
[2026-06-30 08:59:22]   → fa200745 Squat et écriture
[2026-06-30 08:59:23] 63 docs en attente…
[2026-06-30 08:59:23]   → fa200745 Squat et écriture
[2026-06-30 08:59:25] 63 docs en attente…
[2026-06-30 08:59:25]   → fa200745 Squat et écriture
[2026-06-30 08:59:26] 63 docs en attente…
[2026-06-30 08:59:26]   → fa200745 Squat et écriture
[2026-06-30 08:59:27] 63 docs en attente…
[2026-06-30 08:59:27]   → fa200745 Squat et écriture
[2026-06-30 08:59:28] 63 docs en attente…
[2026-06-30 08:59:28]   → fa200745 Squat et écriture
[2026-06-30 08:59:30] 63 docs en attente…
[2026-06-30 08:59:30]   → fa200745 Squat et écriture
[2026-06-30 08:59:31] 63 docs en attente…
[2026-06-30 08:59:31]   → fa200745 Squat et écriture
[2026-06-30 08:59:32] 63 docs en attente…
[2026-06-30 08:59:32]   → fa200745 Squat et écriture
[2026-06-30 08:59:34] 63 docs en attente…
[2026-06-30 08:59:34]   → fa200745 Squat et écriture
[2026-06-30 08:59:35] 63 docs en attente…
[2026-06-30 08:59:35]   → fa200745 Squat et écriture
[2026-06-30 08:59:36] 63 docs en attente…
[2026-06-30 08:59:36]   → fa200745 Squat et écriture
[2026-06-30 08:59:37] 63 docs en attente…
[2026-06-30 08:59:37]   → fa200745 Squat et écriture
[2026-06-30 08:59:39] 63 docs en attente…
[2026-06-30 08:59:39]   → fa200745 Squat et écriture
[2026-06-30 08:59:40] 63 docs en attente…
[2026-06-30 08:59:40]   → fa200745 Squat et écriture
[2026-06-30 08:59:41] 63 docs en attente…
[2026-06-30 08:59:41]   → fa200745 Squat et écriture
[2026-06-30 08:59:43] 63 docs en attente…
[2026-06-30 08:59:43]   → fa200745 Squat et écriture
[2026-06-30 08:59:44] 63 docs en attente…
[2026-06-30 08:59:44]   → fa200745 Squat et écriture
[2026-06-30 08:59:46] 63 docs en attente…
[2026-06-30 08:59:46]   → fa200745 Squat et écriture
[2026-06-30 08:59:47] 63 docs en attente…
[2026-06-30 08:59:47]   → fa200745 Squat et écriture
[2026-06-30 08:59:49] 63 docs en attente…
[2026-06-30 08:59:49]   → fa200745 Squat et écriture
[2026-06-30 08:59:50] 63 docs en attente…
[2026-06-30 08:59:50]   → fa200745 Squat et écriture
[2026-06-30 08:59:51] 63 docs en attente…
[2026-06-30 08:59:51]   → fa200745 Squat et écriture
[2026-06-30 08:59:53] 63 docs en attente…
[2026-06-30 08:59:53]   → fa200745 Squat et écriture
[2026-06-30 08:59:54] 63 docs en attente…
[2026-06-30 08:59:54]   → fa200745 Squat et écriture
[2026-06-30 08:59:56] 63 docs en attente…
[2026-06-30 08:59:56]   → fa200745 Squat et écriture
[2026-06-30 08:59:58] 63 docs en attente…
[2026-06-30 08:59:58]   → fa200745 Squat et écriture
[2026-06-30 08:59:59] 63 docs en attente…
[2026-06-30 08:59:59]   → fa200745 Squat et écriture
[2026-06-30 09:00:00] 63 docs en attente…
[2026-06-30 09:00:00]   → fa200745 Squat et écriture
[2026-06-30 09:00:02] 63 docs en attente…
[2026-06-30 09:00:02]   → fa200745 Squat et écriture
[2026-06-30 09:00:03] 63 docs en attente…
[2026-06-30 09:00:03]   → fa200745 Squat et écriture
[2026-06-30 09:00:04] 63 docs en attente…
[2026-06-30 09:00:04]   → fa200745 Squat et écriture
[2026-06-30 09:00:06] 63 docs en attente…
[2026-06-30 09:00:06]   → fa200745 Squat et écriture
[2026-06-30 09:00:07] 63 docs en attente…
[2026-06-30 09:00:07]   → fa200745 Squat et écriture
[2026-06-30 09:00:08] 63 docs en attente…
[2026-06-30 09:00:08]   → fa200745 Squat et écriture
[2026-06-30 09:00:10] 63 docs en attente…
[2026-06-30 09:00:10]   → fa200745 Squat et écriture
[2026-06-30 09:00:11] 63 docs en attente…
[2026-06-30 09:00:11]   → fa200745 Squat et écriture
[2026-06-30 09:00:13] 63 docs en attente…
[2026-06-30 09:00:13]   → fa200745 Squat et écriture
[2026-06-30 09:00:14] 63 docs en attente…
[2026-06-30 09:00:14]   → fa200745 Squat et écriture
[2026-06-30 09:00:15] 63 docs en attente…
[2026-06-30 09:00:15]   → fa200745 Squat et écriture
[2026-06-30 09:00:17] 63 docs en attente…
[2026-06-30 09:00:17]   → fa200745 Squat et écriture
[2026-06-30 09:00:18] 63 docs en attente…
[2026-06-30 09:00:18]   → fa200745 Squat et écriture
[2026-06-30 09:00:20] 63 docs en attente…
[2026-06-30 09:00:20]   → fa200745 Squat et écriture
[2026-06-30 09:00:21] 63 docs en attente…
[2026-06-30 09:00:21]   → fa200745 Squat et écriture
[2026-06-30 09:00:23] 63 docs en attente…
[2026-06-30 09:00:23]   → fa200745 Squat et écriture
[2026-06-30 09:00:24] 63 docs en attente…
[2026-06-30 09:00:24]   → fa200745 Squat et écriture
[2026-06-30 09:00:25] 63 docs en attente…
[2026-06-30 09:00:25]   → fa200745 Squat et écriture
[2026-06-30 09:00:27] 63 docs en attente…
[2026-06-30 09:00:27]   → fa200745 Squat et écriture
[2026-06-30 09:00:28] 63 docs en attente…
[2026-06-30 09:00:28]   → fa200745 Squat et écriture
[2026-06-30 09:00:29] 63 docs en attente…
[2026-06-30 09:00:29]   → fa200745 Squat et écriture
[2026-06-30 09:00:30] 63 docs en attente…
[2026-06-30 09:00:30]   → fa200745 Squat et écriture
[2026-06-30 09:00:32] 63 docs en attente…
[2026-06-30 09:00:32]   → fa200745 Squat et écriture
[2026-06-30 09:00:33] 63 docs en attente…
[2026-06-30 09:00:33]   → fa200745 Squat et écriture
[2026-06-30 09:00:34] 63 docs en attente…
[2026-06-30 09:00:34]   → fa200745 Squat et écriture
[2026-06-30 09:00:36] 63 docs en attente…
[2026-06-30 09:00:36]   → fa200745 Squat et écriture
[2026-06-30 09:00:37] 63 docs en attente…
[2026-06-30 09:00:37]   → fa200745 Squat et écriture
[2026-06-30 09:00:38] 63 docs en attente…
[2026-06-30 09:00:38]   → fa200745 Squat et écriture
[2026-06-30 09:00:40] 63 docs en attente…
[2026-06-30 09:00:40]   → fa200745 Squat et écriture
[2026-06-30 09:00:41] 63 docs en attente…
[2026-06-30 09:00:41]   → fa200745 Squat et écriture
[2026-06-30 09:00:42] 63 docs en attente…
[2026-06-30 09:00:42]   → fa200745 Squat et écriture
[2026-06-30 09:00:44] 63 docs en attente…
[2026-06-30 09:00:44]   → fa200745 Squat et écriture
[2026-06-30 09:00:45] 63 docs en attente…
[2026-06-30 09:00:45]   → fa200745 Squat et écriture
[2026-06-30 09:00:47] 63 docs en attente…
[2026-06-30 09:00:47]   → fa200745 Squat et écriture
[2026-06-30 09:00:48] 63 docs en attente…
[2026-06-30 09:00:48]   → fa200745 Squat et écriture
[2026-06-30 09:00:50] 63 docs en attente…
[2026-06-30 09:00:50]   → fa200745 Squat et écriture
[2026-06-30 09:00:51] 63 docs en attente…
[2026-06-30 09:00:51]   → fa200745 Squat et écriture
[2026-06-30 09:00:52] 63 docs en attente…
[2026-06-30 09:00:52]   → fa200745 Squat et écriture
[2026-06-30 09:00:54] 63 docs en attente…
[2026-06-30 09:00:54]   → fa200745 Squat et écriture
[2026-06-30 09:00:55] 63 docs en attente…
[2026-06-30 09:00:55]   → fa200745 Squat et écriture
[2026-06-30 09:00:57] 63 docs en attente…
[2026-06-30 09:00:57]   → fa200745 Squat et écriture
[2026-06-30 09:00:58] 63 docs en attente…
[2026-06-30 09:00:58]   → fa200745 Squat et écriture
[2026-06-30 09:00:59] 63 docs en attente…
[2026-06-30 09:00:59]   → fa200745 Squat et écriture
[2026-06-30 09:01:01] 63 docs en attente…
[2026-06-30 09:01:01]   → fa200745 Squat et écriture
[2026-06-30 09:01:02] 63 docs en attente…
[2026-06-30 09:01:02]   → fa200745 Squat et écriture
[2026-06-30 09:01:04] 63 docs en attente…
[2026-06-30 09:01:04]   → fa200745 Squat et écriture
[2026-06-30 09:01:05] 63 docs en attente…
[2026-06-30 09:01:05]   → fa200745 Squat et écriture
[2026-06-30 09:01:07] 63 docs en attente…
[2026-06-30 09:01:07]   → fa200745 Squat et écriture
[2026-06-30 09:01:08] 63 docs en attente…
[2026-06-30 09:01:08]   → fa200745 Squat et écriture
[2026-06-30 09:01:09] 63 docs en attente…
[2026-06-30 09:01:09]   → fa200745 Squat et écriture
[2026-06-30 09:01:11] 63 docs en attente…
[2026-06-30 09:01:11]   → fa200745 Squat et écriture
[2026-06-30 09:01:12] 63 docs en attente…
[2026-06-30 09:01:12]   → fa200745 Squat et écriture
[2026-06-30 09:01:14] 63 docs en attente…
[2026-06-30 09:01:14]   → fa200745 Squat et écriture
[2026-06-30 09:01:15] 63 docs en attente…
[2026-06-30 09:01:15]   → fa200745 Squat et écriture
[2026-06-30 09:01:16] 63 docs en attente…
[2026-06-30 09:01:16]   → fa200745 Squat et écriture
[2026-06-30 09:01:18] 63 docs en attente…
[2026-06-30 09:01:18]   → fa200745 Squat et écriture
[2026-06-30 09:01:19] 63 docs en attente…
[2026-06-30 09:01:19]   → fa200745 Squat et écriture
[2026-06-30 09:01:21] 63 docs en attente…
[2026-06-30 09:01:21]   → fa200745 Squat et écriture
[2026-06-30 09:01:22] 63 docs en attente…
[2026-06-30 09:01:22]   → fa200745 Squat et écriture
[2026-06-30 09:01:24] 63 docs en attente…
[2026-06-30 09:01:24]   → fa200745 Squat et écriture
[2026-06-30 09:01:25] 63 docs en attente…
[2026-06-30 09:01:25]   → fa200745 Squat et écriture
[2026-06-30 09:01:27] 63 docs en attente…
[2026-06-30 09:01:27]   → fa200745 Squat et écriture
[2026-06-30 09:01:28] 63 docs en attente…
[2026-06-30 09:01:28]   → fa200745 Squat et écriture
[2026-06-30 09:01:31] 63 docs en attente…
[2026-06-30 09:01:31]   → fa200745 Squat et écriture
[2026-06-30 09:01:32] 63 docs en attente…
[2026-06-30 09:01:32]   → fa200745 Squat et écriture
[2026-06-30 09:01:34] 63 docs en attente…
[2026-06-30 09:01:34]   → fa200745 Squat et écriture
[2026-06-30 09:01:35] 63 docs en attente…
[2026-06-30 09:01:35]   → fa200745 Squat et écriture
[2026-06-30 09:01:36] 63 docs en attente…
[2026-06-30 09:01:36]   → fa200745 Squat et écriture
[2026-06-30 09:01:38] 63 docs en attente…
[2026-06-30 09:01:38]   → fa200745 Squat et écriture
[2026-06-30 09:01:39] 63 docs en attente…
[2026-06-30 09:01:39]   → fa200745 Squat et écriture
[2026-06-30 09:01:40] 63 docs en attente…
[2026-06-30 09:01:40]   → fa200745 Squat et écriture
[2026-06-30 09:01:42] 63 docs en attente…
[2026-06-30 09:01:42]   → fa200745 Squat et écriture
[2026-06-30 09:01:43] 63 docs en attente…
[2026-06-30 09:01:43]   → fa200745 Squat et écriture
[2026-06-30 09:01:45] 63 docs en attente…
[2026-06-30 09:01:45]   → fa200745 Squat et écriture
[2026-06-30 09:01:46] 63 docs en attente…
[2026-06-30 09:01:46]   → fa200745 Squat et écriture
[2026-06-30 09:01:48] 63 docs en attente…
[2026-06-30 09:01:48]   → fa200745 Squat et écriture
[2026-06-30 09:01:49] 63 docs en attente…
[2026-06-30 09:01:49]   → fa200745 Squat et écriture
[2026-06-30 09:01:51] 63 docs en attente…
[2026-06-30 09:01:51]   → fa200745 Squat et écriture
[2026-06-30 09:01:52] 63 docs en attente…
[2026-06-30 09:01:52]   → fa200745 Squat et écriture
[2026-06-30 09:01:53] 63 docs en attente…
[2026-06-30 09:01:53]   → fa200745 Squat et écriture
[2026-06-30 09:01:55] 63 docs en attente…
[2026-06-30 09:01:55]   → fa200745 Squat et écriture
[2026-06-30 09:01:57] 63 docs en attente…
[2026-06-30 09:01:57]   → fa200745 Squat et écriture
[2026-06-30 09:01:58] 63 docs en attente…
[2026-06-30 09:01:58]   → fa200745 Squat et écriture
[2026-06-30 09:01:59] 63 docs en attente…
[2026-06-30 09:01:59]   → fa200745 Squat et écriture
[2026-06-30 09:02:01] 63 docs en attente…
[2026-06-30 09:02:01]   → fa200745 Squat et écriture
[2026-06-30 09:02:02] 63 docs en attente…
[2026-06-30 09:02:02]   → fa200745 Squat et écriture
[2026-06-30 09:02:04] 63 docs en attente…
[2026-06-30 09:02:04]   → fa200745 Squat et écriture
[2026-06-30 09:02:05] 63 docs en attente…
[2026-06-30 09:02:05]   → fa200745 Squat et écriture
[2026-06-30 09:02:06] 63 docs en attente…
[2026-06-30 09:02:07]   → fa200745 Squat et écriture
[2026-06-30 09:02:08] 63 docs en attente…
[2026-06-30 09:02:08]   → fa200745 Squat et écriture
[2026-06-30 09:02:09] 63 docs en attente…
[2026-06-30 09:02:09]   → fa200745 Squat et écriture
[2026-06-30 09:02:11] 63 docs en attente…
[2026-06-30 09:02:11]   → fa200745 Squat et écriture
[2026-06-30 09:02:13] 63 docs en attente…
[2026-06-30 09:02:13]   → fa200745 Squat et écriture
[2026-06-30 09:02:15] 63 docs en attente…
[2026-06-30 09:02:15]   → fa200745 Squat et écriture
[2026-06-30 09:02:16] 63 docs en attente…
[2026-06-30 09:02:16]   → fa200745 Squat et écriture
[2026-06-30 09:02:18] 63 docs en attente…
[2026-06-30 09:02:18]   → fa200745 Squat et écriture
[2026-06-30 09:02:19] 63 docs en attente…
[2026-06-30 09:02:19]   → fa200745 Squat et écriture
[2026-06-30 09:02:20] 63 docs en attente…
[2026-06-30 09:02:20]   → fa200745 Squat et écriture
[2026-06-30 09:02:22] 63 docs en attente…
[2026-06-30 09:02:22]   → fa200745 Squat et écriture
[2026-06-30 09:02:23] 63 docs en attente…
[2026-06-30 09:02:23]   → fa200745 Squat et écriture
[2026-06-30 09:02:26] 63 docs en attente…
[2026-06-30 09:02:26]   → fa200745 Squat et écriture
[2026-06-30 09:02:27] 63 docs en attente…
[2026-06-30 09:02:27]   → fa200745 Squat et écriture
[2026-06-30 09:02:29] 63 docs en attente…
[2026-06-30 09:02:29]   → fa200745 Squat et écriture
[2026-06-30 09:02:30] 63 docs en attente…
[2026-06-30 09:02:30]   → fa200745 Squat et écriture
[2026-06-30 09:02:31] 63 docs en attente…
[2026-06-30 09:02:31]   → fa200745 Squat et écriture
[2026-06-30 09:02:33] 63 docs en attente…
[2026-06-30 09:02:33]   → fa200745 Squat et écriture
[2026-06-30 09:02:34] 63 docs en attente…
[2026-06-30 09:02:34]   → fa200745 Squat et écriture
[2026-06-30 09:02:36] 63 docs en attente…
[2026-06-30 09:02:36]   → fa200745 Squat et écriture
[2026-06-30 09:02:37] 63 docs en attente…
[2026-06-30 09:02:37]   → fa200745 Squat et écriture
[2026-06-30 09:02:39] 63 docs en attente…
[2026-06-30 09:02:39]   → fa200745 Squat et écriture
[2026-06-30 09:02:40] 63 docs en attente…
[2026-06-30 09:02:40]   → fa200745 Squat et écriture
[2026-06-30 09:02:42] 63 docs en attente…
[2026-06-30 09:02:42]   → fa200745 Squat et écriture
[2026-06-30 09:02:43] 63 docs en attente…
[2026-06-30 09:02:43]   → fa200745 Squat et écriture
[2026-06-30 09:02:44] 63 docs en attente…
[2026-06-30 09:02:44]   → fa200745 Squat et écriture
[2026-06-30 09:02:46] 63 docs en attente…
[2026-06-30 09:02:46]   → fa200745 Squat et écriture
[2026-06-30 09:02:47] 63 docs en attente…
[2026-06-30 09:02:47]   → fa200745 Squat et écriture
[2026-06-30 09:02:49] 63 docs en attente…
[2026-06-30 09:02:49]   → fa200745 Squat et écriture
[2026-06-30 09:02:50] 63 docs en attente…
[2026-06-30 09:02:50]   → fa200745 Squat et écriture
[2026-06-30 09:02:51] 63 docs en attente…
[2026-06-30 09:02:51]   → fa200745 Squat et écriture
[2026-06-30 09:02:53] 63 docs en attente…
[2026-06-30 09:02:53]   → fa200745 Squat et écriture
[2026-06-30 09:02:54] 63 docs en attente…
[2026-06-30 09:02:54]   → fa200745 Squat et écriture
[2026-06-30 09:02:55] 63 docs en attente…
[2026-06-30 09:02:55]   → fa200745 Squat et écriture
[2026-06-30 09:02:57] 63 docs en attente…
[2026-06-30 09:02:57]   → fa200745 Squat et écriture
[2026-06-30 09:02:58] 63 docs en attente…
[2026-06-30 09:02:58]   → fa200745 Squat et écriture
[2026-06-30 09:03:00] 63 docs en attente…
[2026-06-30 09:03:00]   → fa200745 Squat et écriture
[2026-06-30 09:03:01] 63 docs en attente…
[2026-06-30 09:03:01]   → fa200745 Squat et écriture
[2026-06-30 09:03:02] 63 docs en attente…
[2026-06-30 09:03:02]   → fa200745 Squat et écriture
[2026-06-30 09:03:04] 63 docs en attente…
[2026-06-30 09:03:04]   → fa200745 Squat et écriture
[2026-06-30 09:03:05] 63 docs en attente…
[2026-06-30 09:03:05]   → fa200745 Squat et écriture
[2026-06-30 09:03:07] 63 docs en attente…
[2026-06-30 09:03:07]   → fa200745 Squat et écriture
[2026-06-30 09:03:08] 63 docs en attente…
[2026-06-30 09:03:08]   → fa200745 Squat et écriture
[2026-06-30 09:03:09] 63 docs en attente…
[2026-06-30 09:03:09]   → fa200745 Squat et écriture
[2026-06-30 09:03:11] 63 docs en attente…
[2026-06-30 09:03:11]   → fa200745 Squat et écriture
[2026-06-30 09:03:12] 63 docs en attente…
[2026-06-30 09:03:12]   → fa200745 Squat et écriture
[2026-06-30 09:03:13] 63 docs en attente…
[2026-06-30 09:03:13]   → fa200745 Squat et écriture
[2026-06-30 09:03:14] 63 docs en attente…
[2026-06-30 09:03:14]   → fa200745 Squat et écriture
[2026-06-30 09:03:16] 63 docs en attente…
[2026-06-30 09:03:16]   → fa200745 Squat et écriture
[2026-06-30 09:03:17] 63 docs en attente…
[2026-06-30 09:03:17]   → fa200745 Squat et écriture
[2026-06-30 09:03:18] 63 docs en attente…
[2026-06-30 09:03:18]   → fa200745 Squat et écriture
[2026-06-30 09:03:20] 63 docs en attente…
[2026-06-30 09:03:20]   → fa200745 Squat et écriture
[2026-06-30 09:03:21] 63 docs en attente…
[2026-06-30 09:03:21]   → fa200745 Squat et écriture
[2026-06-30 09:03:22] 63 docs en attente…
[2026-06-30 09:03:22]   → fa200745 Squat et écriture
[2026-06-30 09:03:24] 63 docs en attente…
[2026-06-30 09:03:24]   → fa200745 Squat et écriture
[2026-06-30 09:03:25] 63 docs en attente…
[2026-06-30 09:03:25]   → fa200745 Squat et écriture
[2026-06-30 09:03:26] 63 docs en attente…
[2026-06-30 09:03:26]   → fa200745 Squat et écriture
[2026-06-30 09:03:27] 63 docs en attente…
[2026-06-30 09:03:27]   → fa200745 Squat et écriture
[2026-06-30 09:03:29] 63 docs en attente…
[2026-06-30 09:03:29]   → fa200745 Squat et écriture
[2026-06-30 09:03:30] 63 docs en attente…
[2026-06-30 09:03:30]   → fa200745 Squat et écriture
[2026-06-30 09:03:32] 63 docs en attente…
[2026-06-30 09:03:32]   → fa200745 Squat et écriture
[2026-06-30 09:03:33] 63 docs en attente…
[2026-06-30 09:03:33]   → fa200745 Squat et écriture
[2026-06-30 09:03:35] 63 docs en attente…
[2026-06-30 09:03:35]   → fa200745 Squat et écriture
[2026-06-30 09:03:36] 63 docs en attente…
[2026-06-30 09:03:36]   → fa200745 Squat et écriture
[2026-06-30 09:03:37] 63 docs en attente…
[2026-06-30 09:03:37]   → fa200745 Squat et écriture
[2026-06-30 09:03:39] 63 docs en attente…
[2026-06-30 09:03:39]   → fa200745 Squat et écriture
[2026-06-30 09:03:40] 63 docs en attente…
[2026-06-30 09:03:40]   → fa200745 Squat et écriture
[2026-06-30 09:03:42] 63 docs en attente…
[2026-06-30 09:03:42]   → fa200745 Squat et écriture
[2026-06-30 09:03:43] 63 docs en attente…
[2026-06-30 09:03:43]   → fa200745 Squat et écriture
[2026-06-30 09:03:45] 63 docs en attente…
[2026-06-30 09:03:45]   → fa200745 Squat et écriture
[2026-06-30 09:03:46] 63 docs en attente…
[2026-06-30 09:03:46]   → fa200745 Squat et écriture
[2026-06-30 09:03:47] 63 docs en attente…
[2026-06-30 09:03:47]   → fa200745 Squat et écriture
[2026-06-30 09:03:49] 63 docs en attente…
[2026-06-30 09:03:49]   → fa200745 Squat et écriture
[2026-06-30 09:03:50] 63 docs en attente…
[2026-06-30 09:03:50]   → fa200745 Squat et écriture
[2026-06-30 09:03:51] 63 docs en attente…
[2026-06-30 09:03:51]   → fa200745 Squat et écriture
[2026-06-30 09:03:53] 63 docs en attente…
[2026-06-30 09:03:53]   → fa200745 Squat et écriture
[2026-06-30 09:03:54] 63 docs en attente…
[2026-06-30 09:03:54]   → fa200745 Squat et écriture
[2026-06-30 09:03:56] 63 docs en attente…
[2026-06-30 09:03:56]   → fa200745 Squat et écriture
[2026-06-30 09:03:58] 63 docs en attente…
[2026-06-30 09:03:58]   → fa200745 Squat et écriture
[2026-06-30 09:03:59] 63 docs en attente…
[2026-06-30 09:03:59]   → fa200745 Squat et écriture
[2026-06-30 09:04:00] 63 docs en attente…
[2026-06-30 09:04:00]   → fa200745 Squat et écriture
[2026-06-30 09:04:02] 63 docs en attente…
[2026-06-30 09:04:02]   → fa200745 Squat et écriture
[2026-06-30 09:04:03] 63 docs en attente…
[2026-06-30 09:04:03]   → fa200745 Squat et écriture
[2026-06-30 09:04:04] 63 docs en attente…
[2026-06-30 09:04:04]   → fa200745 Squat et écriture
[2026-06-30 09:04:06] 63 docs en attente…
[2026-06-30 09:04:06]   → fa200745 Squat et écriture
[2026-06-30 09:04:07] 63 docs en attente…
[2026-06-30 09:04:07]   → fa200745 Squat et écriture
[2026-06-30 09:04:08] 63 docs en attente…
[2026-06-30 09:04:08]   → fa200745 Squat et écriture
[2026-06-30 09:04:10] 63 docs en attente…
[2026-06-30 09:04:10]   → fa200745 Squat et écriture
[2026-06-30 09:04:11] 63 docs en attente…
[2026-06-30 09:04:11]   → fa200745 Squat et écriture
[2026-06-30 09:04:13] 63 docs en attente…
[2026-06-30 09:04:13]   → fa200745 Squat et écriture
[2026-06-30 09:04:14] 63 docs en attente…
[2026-06-30 09:04:14]   → fa200745 Squat et écriture
[2026-06-30 09:04:15] 63 docs en attente…
[2026-06-30 09:04:15]   → fa200745 Squat et écriture
[2026-06-30 09:04:17] 63 docs en attente…
[2026-06-30 09:04:17]   → fa200745 Squat et écriture
[2026-06-30 09:04:18] 63 docs en attente…
[2026-06-30 09:04:18]   → fa200745 Squat et écriture
[2026-06-30 09:04:19] 63 docs en attente…
[2026-06-30 09:04:19]   → fa200745 Squat et écriture
[2026-06-30 09:04:21] 63 docs en attente…
[2026-06-30 09:04:21]   → fa200745 Squat et écriture
[2026-06-30 09:04:22] 63 docs en attente…
[2026-06-30 09:04:22]   → fa200745 Squat et écriture
[2026-06-30 09:04:24] 63 docs en attente…
[2026-06-30 09:04:24]   → fa200745 Squat et écriture
[2026-06-30 09:04:25] 63 docs en attente…
[2026-06-30 09:04:25]   → fa200745 Squat et écriture
[2026-06-30 09:04:26] 63 docs en attente…
[2026-06-30 09:04:26]   → fa200745 Squat et écriture
[2026-06-30 09:04:28] 63 docs en attente…
[2026-06-30 09:04:28]   → fa200745 Squat et écriture
[2026-06-30 09:04:29] 63 docs en attente…
[2026-06-30 09:04:29]   → fa200745 Squat et écriture
[2026-06-30 09:04:30] 63 docs en attente…
[2026-06-30 09:04:30]   → fa200745 Squat et écriture
[2026-06-30 09:04:32] 63 docs en attente…
[2026-06-30 09:04:32]   → fa200745 Squat et écriture
[2026-06-30 09:04:33] 63 docs en attente…
[2026-06-30 09:04:33]   → fa200745 Squat et écriture
[2026-06-30 09:04:35] 63 docs en attente…
[2026-06-30 09:04:35]   → fa200745 Squat et écriture
[2026-06-30 09:04:36] 63 docs en attente…
[2026-06-30 09:04:36]   → fa200745 Squat et écriture
[2026-06-30 09:04:37] 63 docs en attente…
[2026-06-30 09:04:37]   → fa200745 Squat et écriture
[2026-06-30 09:04:39] 63 docs en attente…
[2026-06-30 09:04:39]   → fa200745 Squat et écriture
[2026-06-30 09:04:40] 63 docs en attente…
[2026-06-30 09:04:40]   → fa200745 Squat et écriture
[2026-06-30 09:04:41] 63 docs en attente…
[2026-06-30 09:04:41]   → fa200745 Squat et écriture
[2026-06-30 09:04:43] 63 docs en attente…
[2026-06-30 09:04:43]   → fa200745 Squat et écriture
[2026-06-30 09:04:44] 63 docs en attente…
[2026-06-30 09:04:44]   → fa200745 Squat et écriture
[2026-06-30 09:04:46] 63 docs en attente…
[2026-06-30 09:04:46]   → fa200745 Squat et écriture
[2026-06-30 09:04:47] 63 docs en attente…
[2026-06-30 09:04:47]   → fa200745 Squat et écriture
[2026-06-30 09:04:49] 63 docs en attente…
[2026-06-30 09:04:49]   → fa200745 Squat et écriture
[2026-06-30 09:04:50] 63 docs en attente…
[2026-06-30 09:04:50]   → fa200745 Squat et écriture
[2026-06-30 09:04:51] 63 docs en attente…
[2026-06-30 09:04:51]   → fa200745 Squat et écriture
[2026-06-30 09:04:53] 63 docs en attente…
[2026-06-30 09:04:53]   → fa200745 Squat et écriture
[2026-06-30 09:04:54] 63 docs en attente…
[2026-06-30 09:04:54]   → fa200745 Squat et écriture
[2026-06-30 09:04:56] 63 docs en attente…
[2026-06-30 09:04:56]   → fa200745 Squat et écriture
[2026-06-30 09:04:57] 63 docs en attente…
[2026-06-30 09:04:57]   → fa200745 Squat et écriture
[2026-06-30 09:04:59] 63 docs en attente…
[2026-06-30 09:04:59]   → fa200745 Squat et écriture
[2026-06-30 09:05:00] 63 docs en attente…
[2026-06-30 09:05:00]   → fa200745 Squat et écriture
[2026-06-30 09:05:01] 63 docs en attente…
[2026-06-30 09:05:01]   → fa200745 Squat et écriture
[2026-06-30 09:05:03] 63 docs en attente…
[2026-06-30 09:05:03]   → fa200745 Squat et écriture
[2026-06-30 09:05:04] 63 docs en attente…
[2026-06-30 09:05:04]   → fa200745 Squat et écriture
[2026-06-30 09:05:06] 63 docs en attente…
[2026-06-30 09:05:06]   → fa200745 Squat et écriture
[2026-06-30 09:05:07] 63 docs en attente…
[2026-06-30 09:05:07]   → fa200745 Squat et écriture
[2026-06-30 09:05:08] 63 docs en attente…
[2026-06-30 09:05:08]   → fa200745 Squat et écriture
[2026-06-30 09:05:10] 63 docs en attente…
[2026-06-30 09:05:10]   → fa200745 Squat et écriture
[2026-06-30 09:05:11] 63 docs en attente…
[2026-06-30 09:05:11]   → fa200745 Squat et écriture
[2026-06-30 09:05:12] 63 docs en attente…
[2026-06-30 09:05:12]   → fa200745 Squat et écriture
[2026-06-30 09:05:14] 63 docs en attente…
[2026-06-30 09:05:14]   → fa200745 Squat et écriture
[2026-06-30 09:05:15] 63 docs en attente…
[2026-06-30 09:05:15]   → fa200745 Squat et écriture
[2026-06-30 09:05:17] 63 docs en attente…
[2026-06-30 09:05:17]   → fa200745 Squat et écriture
[2026-06-30 09:05:18] 63 docs en attente…
[2026-06-30 09:05:18]   → fa200745 Squat et écriture
[2026-06-30 09:05:20] 63 docs en attente…
[2026-06-30 09:05:20]   → fa200745 Squat et écriture
[2026-06-30 09:05:21] 63 docs en attente…
[2026-06-30 09:05:21]   → fa200745 Squat et écriture
[2026-06-30 09:05:22] 63 docs en attente…
[2026-06-30 09:05:22]   → fa200745 Squat et écriture
[2026-06-30 09:05:24] 63 docs en attente…
[2026-06-30 09:05:24]   → fa200745 Squat et écriture
[2026-06-30 09:05:25] 63 docs en attente…
[2026-06-30 09:05:25]   → fa200745 Squat et écriture
[2026-06-30 09:05:27] 63 docs en attente…
[2026-06-30 09:05:27]   → fa200745 Squat et écriture
[2026-06-30 09:05:28] 63 docs en attente…
[2026-06-30 09:05:28]   → fa200745 Squat et écriture
[2026-06-30 09:05:29] 63 docs en attente…
[2026-06-30 09:05:29]   → fa200745 Squat et écriture
[2026-06-30 09:05:31] 63 docs en attente…
[2026-06-30 09:05:31]   → fa200745 Squat et écriture
[2026-06-30 09:05:32] 63 docs en attente…
[2026-06-30 09:05:32]   → fa200745 Squat et écriture
[2026-06-30 09:05:34] 63 docs en attente…
[2026-06-30 09:05:34]   → fa200745 Squat et écriture
[2026-06-30 09:05:35] 63 docs en attente…
[2026-06-30 09:05:35]   → fa200745 Squat et écriture
[2026-06-30 09:05:36] 63 docs en attente…
[2026-06-30 09:05:36]   → fa200745 Squat et écriture
[2026-06-30 09:05:37] 63 docs en attente…
[2026-06-30 09:05:37]   → fa200745 Squat et écriture
[2026-06-30 09:05:39] 63 docs en attente…
[2026-06-30 09:05:39]   → fa200745 Squat et écriture
[2026-06-30 09:05:40] 63 docs en attente…
[2026-06-30 09:05:40]   → fa200745 Squat et écriture
[2026-06-30 09:05:41] 63 docs en attente…
[2026-06-30 09:05:41]   → fa200745 Squat et écriture
[2026-06-30 09:05:43] 63 docs en attente…
[2026-06-30 09:05:43]   → fa200745 Squat et écriture
[2026-06-30 09:05:44] 63 docs en attente…
[2026-06-30 09:05:44]   → fa200745 Squat et écriture
[2026-06-30 09:05:45] 63 docs en attente…
[2026-06-30 09:05:45]   → fa200745 Squat et écriture
[2026-06-30 09:05:46] 63 docs en attente…
[2026-06-30 09:05:47]   → fa200745 Squat et écriture
[2026-06-30 09:05:48] 63 docs en attente…
[2026-06-30 09:05:48]   → fa200745 Squat et écriture
[2026-06-30 09:05:49] 63 docs en attente…
[2026-06-30 09:05:49]   → fa200745 Squat et écriture
[2026-06-30 09:05:50] 63 docs en attente…
[2026-06-30 09:05:50]   → fa200745 Squat et écriture
[2026-06-30 09:05:52] 63 docs en attente…
[2026-06-30 09:05:52]   → fa200745 Squat et écriture
[2026-06-30 09:05:54] 63 docs en attente…
[2026-06-30 09:05:54]   → fa200745 Squat et écriture
[2026-06-30 09:05:55] 63 docs en attente…
[2026-06-30 09:05:55]   → fa200745 Squat et écriture
[2026-06-30 09:05:56] 63 docs en attente…
[2026-06-30 09:05:56]   → fa200745 Squat et écriture
[2026-06-30 09:05:58] 63 docs en attente…
[2026-06-30 09:05:58]   → fa200745 Squat et écriture
[2026-06-30 09:05:59] 63 docs en attente…
[2026-06-30 09:05:59]   → fa200745 Squat et écriture
[2026-06-30 09:06:00] 63 docs en attente…
[2026-06-30 09:06:00]   → fa200745 Squat et écriture
[2026-06-30 09:06:02] 63 docs en attente…
[2026-06-30 09:06:02]   → fa200745 Squat et écriture
[2026-06-30 09:06:03] 63 docs en attente…
[2026-06-30 09:06:03]   → fa200745 Squat et écriture
[2026-06-30 09:06:05] 63 docs en attente…
[2026-06-30 09:06:05]   → fa200745 Squat et écriture
[2026-06-30 09:06:06] 63 docs en attente…
[2026-06-30 09:06:06]   → fa200745 Squat et écriture
[2026-06-30 09:06:08] 63 docs en attente…
[2026-06-30 09:06:08]   → fa200745 Squat et écriture
[2026-06-30 09:06:10] 63 docs en attente…
[2026-06-30 09:06:10]   → fa200745 Squat et écriture
[2026-06-30 09:06:11] 63 docs en attente…
[2026-06-30 09:06:11]   → fa200745 Squat et écriture
[2026-06-30 09:06:12] 63 docs en attente…
[2026-06-30 09:06:12]   → fa200745 Squat et écriture
[2026-06-30 09:06:14] 63 docs en attente…
[2026-06-30 09:06:14]   → fa200745 Squat et écriture
[2026-06-30 09:06:15] 63 docs en attente…
[2026-06-30 09:06:15]   → fa200745 Squat et écriture
[2026-06-30 09:06:16] 63 docs en attente…
[2026-06-30 09:06:16]   → fa200745 Squat et écriture
[2026-06-30 09:06:17] 63 docs en attente…
[2026-06-30 09:06:17]   → fa200745 Squat et écriture
[2026-06-30 09:06:19] 63 docs en attente…
[2026-06-30 09:06:19]   → fa200745 Squat et écriture
[2026-06-30 09:06:20] 63 docs en attente…
[2026-06-30 09:06:20]   → fa200745 Squat et écriture
[2026-06-30 09:06:21] 63 docs en attente…
[2026-06-30 09:06:21]   → fa200745 Squat et écriture
[2026-06-30 09:06:23] 63 docs en attente…
[2026-06-30 09:06:23]   → fa200745 Squat et écriture
[2026-06-30 09:06:24] 63 docs en attente…
[2026-06-30 09:06:24]   → fa200745 Squat et écriture
[2026-06-30 09:06:25] 63 docs en attente…
[2026-06-30 09:06:25]   → fa200745 Squat et écriture
[2026-06-30 09:06:27] 63 docs en attente…
[2026-06-30 09:06:27]   → fa200745 Squat et écriture
[2026-06-30 09:06:28] 63 docs en attente…
[2026-06-30 09:06:28]   → fa200745 Squat et écriture
[2026-06-30 09:06:30] 63 docs en attente…
[2026-06-30 09:06:30]   → fa200745 Squat et écriture
[2026-06-30 09:06:31] 63 docs en attente…
[2026-06-30 09:06:31]   → fa200745 Squat et écriture
[2026-06-30 09:06:33] 63 docs en attente…
[2026-06-30 09:06:33]   → fa200745 Squat et écriture
[2026-06-30 09:06:34] 63 docs en attente…
[2026-06-30 09:06:34]   → fa200745 Squat et écriture
[2026-06-30 09:06:35] 63 docs en attente…
[2026-06-30 09:06:35]   → fa200745 Squat et écriture
[2026-06-30 09:06:37] 63 docs en attente…
[2026-06-30 09:06:37]   → fa200745 Squat et écriture
[2026-06-30 09:06:38] 63 docs en attente…
[2026-06-30 09:06:38]   → fa200745 Squat et écriture
[2026-06-30 09:06:40] 63 docs en attente…
[2026-06-30 09:06:40]   → fa200745 Squat et écriture
[2026-06-30 09:06:41] 63 docs en attente…
[2026-06-30 09:06:42]   → fa200745 Squat et écriture
[2026-06-30 09:06:43] 63 docs en attente…
[2026-06-30 09:06:43]   → fa200745 Squat et écriture
[2026-06-30 09:06:44] 63 docs en attente…
[2026-06-30 09:06:44]   → fa200745 Squat et écriture
[2026-06-30 09:06:46] 63 docs en attente…
[2026-06-30 09:06:46]   → fa200745 Squat et écriture
[2026-06-30 09:06:47] 63 docs en attente…
[2026-06-30 09:06:47]   → fa200745 Squat et écriture
[2026-06-30 09:06:48] 63 docs en attente…
[2026-06-30 09:06:48]   → fa200745 Squat et écriture
[2026-06-30 09:06:50] 63 docs en attente…
[2026-06-30 09:06:50]   → fa200745 Squat et écriture
[2026-06-30 09:06:51] 63 docs en attente…
[2026-06-30 09:06:51]   → fa200745 Squat et écriture
[2026-06-30 09:06:52] 63 docs en attente…
[2026-06-30 09:06:52]   → fa200745 Squat et écriture
[2026-06-30 09:06:54] 63 docs en attente…
[2026-06-30 09:06:54]   → fa200745 Squat et écriture
[2026-06-30 09:06:55] 63 docs en attente…
[2026-06-30 09:06:55]   → fa200745 Squat et écriture
[2026-06-30 09:06:57] 63 docs en attente…
[2026-06-30 09:06:57]   → fa200745 Squat et écriture
[2026-06-30 09:06:58] 63 docs en attente…
[2026-06-30 09:06:58]   → fa200745 Squat et écriture
[2026-06-30 09:06:59] 63 docs en attente…
[2026-06-30 09:06:59]   → fa200745 Squat et écriture
[2026-06-30 09:07:01] 63 docs en attente…
[2026-06-30 09:07:01]   → fa200745 Squat et écriture
[2026-06-30 09:07:02] 63 docs en attente…
[2026-06-30 09:07:02]   → fa200745 Squat et écriture
[2026-06-30 09:07:04] 63 docs en attente…
[2026-06-30 09:07:04]   → fa200745 Squat et écriture
[2026-06-30 09:07:05] 63 docs en attente…
[2026-06-30 09:07:05]   → fa200745 Squat et écriture
[2026-06-30 09:07:06] 63 docs en attente…
[2026-06-30 09:07:06]   → fa200745 Squat et écriture
[2026-06-30 09:07:08] 63 docs en attente…
[2026-06-30 09:07:08]   → fa200745 Squat et écriture
[2026-06-30 09:07:09] 63 docs en attente…
[2026-06-30 09:07:09]   → fa200745 Squat et écriture
[2026-06-30 09:07:11] 63 docs en attente…
[2026-06-30 09:07:11]   → fa200745 Squat et écriture
[2026-06-30 09:07:12] 63 docs en attente…
[2026-06-30 09:07:12]   → fa200745 Squat et écriture
[2026-06-30 09:07:14] 63 docs en attente…
[2026-06-30 09:07:14]   → fa200745 Squat et écriture
[2026-06-30 09:07:15] 63 docs en attente…
[2026-06-30 09:07:15]   → fa200745 Squat et écriture
[2026-06-30 09:07:16] 63 docs en attente…
[2026-06-30 09:07:16]   → fa200745 Squat et écriture
[2026-06-30 09:07:18] 63 docs en attente…
[2026-06-30 09:07:18]   → fa200745 Squat et écriture
[2026-06-30 09:07:19] 63 docs en attente…
[2026-06-30 09:07:19]   → fa200745 Squat et écriture
[2026-06-30 09:07:20] 63 docs en attente…
[2026-06-30 09:07:20]   → fa200745 Squat et écriture
[2026-06-30 09:07:22] 63 docs en attente…
[2026-06-30 09:07:22]   → fa200745 Squat et écriture
[2026-06-30 09:07:23] 63 docs en attente…
[2026-06-30 09:07:23]   → fa200745 Squat et écriture
[2026-06-30 09:07:25] 63 docs en attente…
[2026-06-30 09:07:25]   → fa200745 Squat et écriture
[2026-06-30 09:07:26] 63 docs en attente…
[2026-06-30 09:07:26]   → fa200745 Squat et écriture
[2026-06-30 09:07:27] 63 docs en attente…
[2026-06-30 09:07:27]   → fa200745 Squat et écriture
[2026-06-30 09:07:29] 63 docs en attente…
[2026-06-30 09:07:29]   → fa200745 Squat et écriture
[2026-06-30 09:07:30] 63 docs en attente…
[2026-06-30 09:07:30]   → fa200745 Squat et écriture
[2026-06-30 09:07:31] 63 docs en attente…
[2026-06-30 09:07:32]   → fa200745 Squat et écriture
[2026-06-30 09:07:33] 63 docs en attente…
[2026-06-30 09:07:33]   → fa200745 Squat et écriture
[2026-06-30 09:07:35] 63 docs en attente…
[2026-06-30 09:07:35]   → fa200745 Squat et écriture
[2026-06-30 09:07:36] 63 docs en attente…
[2026-06-30 09:07:36]   → fa200745 Squat et écriture
[2026-06-30 09:07:37] 63 docs en attente…
[2026-06-30 09:07:37]   → fa200745 Squat et écriture
[2026-06-30 09:07:39] 63 docs en attente…
[2026-06-30 09:07:39]   → fa200745 Squat et écriture
[2026-06-30 09:07:41] 63 docs en attente…
[2026-06-30 09:07:41]   → fa200745 Squat et écriture
[2026-06-30 09:07:42] 63 docs en attente…
[2026-06-30 09:07:42]   → fa200745 Squat et écriture
[2026-06-30 09:07:43] 63 docs en attente…
[2026-06-30 09:07:43]   → fa200745 Squat et écriture
[2026-06-30 09:07:45] 63 docs en attente…
[2026-06-30 09:07:45]   → fa200745 Squat et écriture
[2026-06-30 09:07:47] 63 docs en attente…
[2026-06-30 09:07:47]   → fa200745 Squat et écriture
[2026-06-30 09:07:48] 63 docs en attente…
[2026-06-30 09:07:48]   → fa200745 Squat et écriture
[2026-06-30 09:07:50] 63 docs en attente…
[2026-06-30 09:07:50]   → fa200745 Squat et écriture
[2026-06-30 09:07:51] 63 docs en attente…
[2026-06-30 09:07:51]   → fa200745 Squat et écriture
[2026-06-30 09:07:52] 63 docs en attente…
[2026-06-30 09:07:52]   → fa200745 Squat et écriture
[2026-06-30 09:07:54] 63 docs en attente…
[2026-06-30 09:07:54]   → fa200745 Squat et écriture
[2026-06-30 09:07:55] 63 docs en attente…
[2026-06-30 09:07:55]   → fa200745 Squat et écriture
[2026-06-30 09:07:56] 63 docs en attente…
[2026-06-30 09:07:56]   → fa200745 Squat et écriture
[2026-06-30 09:07:58] 63 docs en attente…
[2026-06-30 09:07:58]   → fa200745 Squat et écriture
[2026-06-30 09:07:59] 63 docs en attente…
[2026-06-30 09:07:59]   → fa200745 Squat et écriture
[2026-06-30 09:08:00] 63 docs en attente…
[2026-06-30 09:08:01]   → fa200745 Squat et écriture
[2026-06-30 09:08:02] 63 docs en attente…
[2026-06-30 09:08:02]   → fa200745 Squat et écriture
[2026-06-30 09:08:03] 63 docs en attente…
[2026-06-30 09:08:03]   → fa200745 Squat et écriture
[2026-06-30 09:08:05] 63 docs en attente…
[2026-06-30 09:08:05]   → fa200745 Squat et écriture
[2026-06-30 09:08:06] 63 docs en attente…
[2026-06-30 09:08:06]   → fa200745 Squat et écriture
[2026-06-30 09:08:07] 63 docs en attente…
[2026-06-30 09:08:07]   → fa200745 Squat et écriture
[2026-06-30 09:08:09] 63 docs en attente…
[2026-06-30 09:08:09]   → fa200745 Squat et écriture
[2026-06-30 09:08:10] 63 docs en attente…
[2026-06-30 09:08:11]   → fa200745 Squat et écriture
[2026-06-30 09:08:12] 63 docs en attente…
[2026-06-30 09:08:12]   → fa200745 Squat et écriture
[2026-06-30 09:08:13] 63 docs en attente…
[2026-06-30 09:08:14]   → fa200745 Squat et écriture
[2026-06-30 09:08:15] 63 docs en attente…
[2026-06-30 09:08:15]   → fa200745 Squat et écriture
[2026-06-30 09:08:16] 63 docs en attente…
[2026-06-30 09:08:16]   → fa200745 Squat et écriture
[2026-06-30 09:08:18] 63 docs en attente…
[2026-06-30 09:08:18]   → fa200745 Squat et écriture
[2026-06-30 09:08:19] 63 docs en attente…
[2026-06-30 09:08:19]   → fa200745 Squat et écriture
[2026-06-30 09:08:20] 63 docs en attente…
[2026-06-30 09:08:20]   → fa200745 Squat et écriture
[2026-06-30 09:08:22] 63 docs en attente…
[2026-06-30 09:08:22]   → fa200745 Squat et écriture
[2026-06-30 09:08:23] 63 docs en attente…
[2026-06-30 09:08:23]   → fa200745 Squat et écriture
[2026-06-30 09:08:25] 63 docs en attente…
[2026-06-30 09:08:25]   → fa200745 Squat et écriture
[2026-06-30 09:08:26] 63 docs en attente…
[2026-06-30 09:08:26]   → fa200745 Squat et écriture
[2026-06-30 09:08:27] 63 docs en attente…
[2026-06-30 09:08:27]   → fa200745 Squat et écriture
[2026-06-30 09:08:29] 63 docs en attente…
[2026-06-30 09:08:29]   → fa200745 Squat et écriture
[2026-06-30 09:08:30] 63 docs en attente…
[2026-06-30 09:08:30]   → fa200745 Squat et écriture
[2026-06-30 09:08:31] 63 docs en attente…
[2026-06-30 09:08:31]   → fa200745 Squat et écriture
[2026-06-30 09:08:33] 63 docs en attente…
[2026-06-30 09:08:33]   → fa200745 Squat et écriture
[2026-06-30 09:08:34] 63 docs en attente…
[2026-06-30 09:08:34]   → fa200745 Squat et écriture
[2026-06-30 09:08:36] 63 docs en attente…
[2026-06-30 09:08:36]   → fa200745 Squat et écriture
[2026-06-30 09:08:37] 63 docs en attente…
[2026-06-30 09:08:37]   → fa200745 Squat et écriture
[2026-06-30 09:08:38] 63 docs en attente…
[2026-06-30 09:08:38]   → fa200745 Squat et écriture
[2026-06-30 09:08:40] 63 docs en attente…
[2026-06-30 09:08:40]   → fa200745 Squat et écriture
[2026-06-30 09:08:41] 63 docs en attente…
[2026-06-30 09:08:41]   → fa200745 Squat et écriture
[2026-06-30 09:08:42] 63 docs en attente…
[2026-06-30 09:08:42]   → fa200745 Squat et écriture
[2026-06-30 09:08:44] 63 docs en attente…
[2026-06-30 09:08:44]   → fa200745 Squat et écriture
[2026-06-30 09:08:46] 63 docs en attente…
[2026-06-30 09:08:46]   → fa200745 Squat et écriture
[2026-06-30 09:08:47] 63 docs en attente…
[2026-06-30 09:08:47]   → fa200745 Squat et écriture
[2026-06-30 09:08:49] 63 docs en attente…
[2026-06-30 09:08:49]   → fa200745 Squat et écriture
[2026-06-30 09:08:51] 63 docs en attente…
[2026-06-30 09:08:51]   → fa200745 Squat et écriture
[2026-06-30 09:08:52] 63 docs en attente…
[2026-06-30 09:08:52]   → fa200745 Squat et écriture
[2026-06-30 09:08:54] 63 docs en attente…
[2026-06-30 09:08:54]   → fa200745 Squat et écriture
[2026-06-30 09:08:55] 63 docs en attente…
[2026-06-30 09:08:55]   → fa200745 Squat et écriture
[2026-06-30 09:08:57] 63 docs en attente…
[2026-06-30 09:08:57]   → fa200745 Squat et écriture
[2026-06-30 09:08:58] 63 docs en attente…
[2026-06-30 09:08:58]   → fa200745 Squat et écriture
[2026-06-30 09:08:59] 63 docs en attente…
[2026-06-30 09:08:59]   → fa200745 Squat et écriture
[2026-06-30 09:09:01] 63 docs en attente…
[2026-06-30 09:09:01]   → fa200745 Squat et écriture
[2026-06-30 09:09:02] 63 docs en attente…
[2026-06-30 09:09:02]   → fa200745 Squat et écriture
[2026-06-30 09:09:04] 63 docs en attente…
[2026-06-30 09:09:04]   → fa200745 Squat et écriture
[2026-06-30 09:09:05] 63 docs en attente…
[2026-06-30 09:09:05]   → fa200745 Squat et écriture
[2026-06-30 09:09:06] 63 docs en attente…
[2026-06-30 09:09:06]   → fa200745 Squat et écriture
[2026-06-30 09:09:08] 63 docs en attente…
[2026-06-30 09:09:08]   → fa200745 Squat et écriture
[2026-06-30 09:09:09] 63 docs en attente…
[2026-06-30 09:09:09]   → fa200745 Squat et écriture
[2026-06-30 09:09:10] 63 docs en attente…
[2026-06-30 09:09:10]   → fa200745 Squat et écriture
[2026-06-30 09:09:11] 63 docs en attente…
[2026-06-30 09:09:11]   → fa200745 Squat et écriture
[2026-06-30 09:09:13] 63 docs en attente…
[2026-06-30 09:09:13]   → fa200745 Squat et écriture
[2026-06-30 09:09:14] 63 docs en attente…
[2026-06-30 09:09:14]   → fa200745 Squat et écriture
[2026-06-30 09:09:15] 63 docs en attente…
[2026-06-30 09:09:15]   → fa200745 Squat et écriture
[2026-06-30 09:09:17] 63 docs en attente…
[2026-06-30 09:09:17]   → fa200745 Squat et écriture
[2026-06-30 09:09:18] 63 docs en attente…
[2026-06-30 09:09:18]   → fa200745 Squat et écriture
[2026-06-30 09:09:19] 63 docs en attente…
[2026-06-30 09:09:19]   → fa200745 Squat et écriture
[2026-06-30 09:09:21] 63 docs en attente…
[2026-06-30 09:09:21]   → fa200745 Squat et écriture
[2026-06-30 09:09:22] 63 docs en attente…
[2026-06-30 09:09:22]   → fa200745 Squat et écriture
[2026-06-30 09:09:24] 63 docs en attente…
[2026-06-30 09:09:24]   → fa200745 Squat et écriture
[2026-06-30 09:09:25] 63 docs en attente…
[2026-06-30 09:09:25]   → fa200745 Squat et écriture
[2026-06-30 09:09:26] 63 docs en attente…
[2026-06-30 09:09:26]   → fa200745 Squat et écriture
[2026-06-30 09:09:28] 63 docs en attente…
[2026-06-30 09:09:28]   → fa200745 Squat et écriture
[2026-06-30 09:09:29] 63 docs en attente…
[2026-06-30 09:09:29]   → fa200745 Squat et écriture
[2026-06-30 09:09:30] 63 docs en attente…
[2026-06-30 09:09:30]   → fa200745 Squat et écriture
[2026-06-30 09:09:32] 63 docs en attente…
[2026-06-30 09:09:32]   → fa200745 Squat et écriture
[2026-06-30 09:09:33] 63 docs en attente…
[2026-06-30 09:09:33]   → fa200745 Squat et écriture
[2026-06-30 09:09:35] 63 docs en attente…
[2026-06-30 09:09:35]   → fa200745 Squat et écriture
[2026-06-30 09:09:36] 63 docs en attente…
[2026-06-30 09:09:36]   → fa200745 Squat et écriture
[2026-06-30 09:09:37] 63 docs en attente…
[2026-06-30 09:09:37]   → fa200745 Squat et écriture
[2026-06-30 09:09:39] 63 docs en attente…
[2026-06-30 09:09:39]   → fa200745 Squat et écriture
[2026-06-30 09:09:41] 63 docs en attente…
[2026-06-30 09:09:41]   → fa200745 Squat et écriture
[2026-06-30 09:09:42] 63 docs en attente…
[2026-06-30 09:09:42]   → fa200745 Squat et écriture
[2026-06-30 09:09:44] 63 docs en attente…
[2026-06-30 09:09:44]   → fa200745 Squat et écriture
[2026-06-30 09:09:45] 63 docs en attente…
[2026-06-30 09:09:45]   → fa200745 Squat et écriture
[2026-06-30 09:09:46] 63 docs en attente…
[2026-06-30 09:09:46]   → fa200745 Squat et écriture
[2026-06-30 09:09:48] 63 docs en attente…
[2026-06-30 09:09:48]   → fa200745 Squat et écriture
[2026-06-30 09:09:49] 63 docs en attente…
[2026-06-30 09:09:49]   → fa200745 Squat et écriture
[2026-06-30 09:09:50] 63 docs en attente…
[2026-06-30 09:09:51]   → fa200745 Squat et écriture
[2026-06-30 09:09:52] 63 docs en attente…
[2026-06-30 09:09:52]   → fa200745 Squat et écriture
[2026-06-30 09:09:53] 63 docs en attente…
[2026-06-30 09:09:53]   → fa200745 Squat et écriture
[2026-06-30 09:09:55] 63 docs en attente…
[2026-06-30 09:09:55]   → fa200745 Squat et écriture
[2026-06-30 09:09:56] 63 docs en attente…
[2026-06-30 09:09:56]   → fa200745 Squat et écriture
[2026-06-30 09:09:57] 63 docs en attente…
[2026-06-30 09:09:57]   → fa200745 Squat et écriture
[2026-06-30 09:09:59] 63 docs en attente…
[2026-06-30 09:09:59]   → fa200745 Squat et écriture
[2026-06-30 09:10:00] 63 docs en attente…
[2026-06-30 09:10:00]   → fa200745 Squat et écriture
[2026-06-30 09:10:01] 63 docs en attente…
[2026-06-30 09:10:01]   → fa200745 Squat et écriture
[2026-06-30 09:10:03] 63 docs en attente…
[2026-06-30 09:10:03]   → fa200745 Squat et écriture
[2026-06-30 09:10:04] 63 docs en attente…
[2026-06-30 09:10:04]   → fa200745 Squat et écriture
[2026-06-30 09:10:06] 63 docs en attente…
[2026-06-30 09:10:06]   → fa200745 Squat et écriture
[2026-06-30 09:10:07] 63 docs en attente…
[2026-06-30 09:10:07]   → fa200745 Squat et écriture
[2026-06-30 09:10:08] 63 docs en attente…
[2026-06-30 09:10:08]   → fa200745 Squat et écriture
[2026-06-30 09:10:10] 63 docs en attente…
[2026-06-30 09:10:10]   → fa200745 Squat et écriture
[2026-06-30 09:10:11] 63 docs en attente…
[2026-06-30 09:10:11]   → fa200745 Squat et écriture
[2026-06-30 09:10:13] 63 docs en attente…
[2026-06-30 09:10:13]   → fa200745 Squat et écriture
[2026-06-30 09:10:14] 63 docs en attente…
[2026-06-30 09:10:14]   → fa200745 Squat et écriture
[2026-06-30 09:10:15] 63 docs en attente…
[2026-06-30 09:10:15]   → fa200745 Squat et écriture
[2026-06-30 09:10:17] 63 docs en attente…
[2026-06-30 09:10:17]   → fa200745 Squat et écriture
[2026-06-30 09:10:18] 63 docs en attente…
[2026-06-30 09:10:18]   → fa200745 Squat et écriture
[2026-06-30 09:10:19] 63 docs en attente…
[2026-06-30 09:10:19]   → fa200745 Squat et écriture
[2026-06-30 09:10:21] 63 docs en attente…
[2026-06-30 09:10:21]   → fa200745 Squat et écriture
[2026-06-30 09:10:22] 63 docs en attente…
[2026-06-30 09:10:22]   → fa200745 Squat et écriture
[2026-06-30 09:10:23] 63 docs en attente…
[2026-06-30 09:10:23]   → fa200745 Squat et écriture
[2026-06-30 09:10:24] 63 docs en attente…
[2026-06-30 09:10:24]   → fa200745 Squat et écriture
[2026-06-30 09:10:26] 63 docs en attente…
[2026-06-30 09:10:26]   → fa200745 Squat et écriture
[2026-06-30 09:10:27] 63 docs en attente…
[2026-06-30 09:10:27]   → fa200745 Squat et écriture
[2026-06-30 09:10:28] 63 docs en attente…
[2026-06-30 09:10:28]   → fa200745 Squat et écriture
[2026-06-30 09:10:30] 63 docs en attente…
[2026-06-30 09:10:30]   → fa200745 Squat et écriture
[2026-06-30 09:10:31] 63 docs en attente…
[2026-06-30 09:10:31]   → fa200745 Squat et écriture
[2026-06-30 09:10:32] 63 docs en attente…
[2026-06-30 09:10:32]   → fa200745 Squat et écriture
[2026-06-30 09:10:34] 63 docs en attente…
[2026-06-30 09:10:34]   → fa200745 Squat et écriture
[2026-06-30 09:10:35] 63 docs en attente…
[2026-06-30 09:10:35]   → fa200745 Squat et écriture
[2026-06-30 09:10:37] 63 docs en attente…
[2026-06-30 09:10:37]   → fa200745 Squat et écriture
[2026-06-30 09:10:38] 63 docs en attente…
[2026-06-30 09:10:38]   → fa200745 Squat et écriture
[2026-06-30 09:10:39] 63 docs en attente…
[2026-06-30 09:10:39]   → fa200745 Squat et écriture
[2026-06-30 09:10:41] 63 docs en attente…
[2026-06-30 09:10:41]   → fa200745 Squat et écriture
[2026-06-30 09:10:42] 63 docs en attente…
[2026-06-30 09:10:42]   → fa200745 Squat et écriture
[2026-06-30 09:10:44] 63 docs en attente…
[2026-06-30 09:10:44]   → fa200745 Squat et écriture
[2026-06-30 09:10:45] 63 docs en attente…
[2026-06-30 09:10:45]   → fa200745 Squat et écriture
[2026-06-30 09:10:46] 63 docs en attente…
[2026-06-30 09:10:46]   → fa200745 Squat et écriture
[2026-06-30 09:10:48] 63 docs en attente…
[2026-06-30 09:10:48]   → fa200745 Squat et écriture
[2026-06-30 09:10:49] 63 docs en attente…
[2026-06-30 09:10:49]   → fa200745 Squat et écriture
[2026-06-30 09:10:50] 63 docs en attente…
[2026-06-30 09:10:50]   → fa200745 Squat et écriture
[2026-06-30 09:10:51] 63 docs en attente…
[2026-06-30 09:10:51]   → fa200745 Squat et écriture
[2026-06-30 09:10:53] 63 docs en attente…
[2026-06-30 09:10:53]   → fa200745 Squat et écriture
[2026-06-30 09:10:54] 63 docs en attente…
[2026-06-30 09:10:54]   → fa200745 Squat et écriture
[2026-06-30 09:10:55] 63 docs en attente…
[2026-06-30 09:10:55]   → fa200745 Squat et écriture
[2026-06-30 09:10:57] 63 docs en attente…
[2026-06-30 09:10:57]   → fa200745 Squat et écriture
[2026-06-30 09:10:59] 63 docs en attente…
[2026-06-30 09:10:59]   → fa200745 Squat et écriture
[2026-06-30 09:11:00] 63 docs en attente…
[2026-06-30 09:11:00]   → fa200745 Squat et écriture
[2026-06-30 09:11:01] 63 docs en attente…
[2026-06-30 09:11:01]   → fa200745 Squat et écriture
[2026-06-30 09:11:03] 63 docs en attente…
[2026-06-30 09:11:03]   → fa200745 Squat et écriture
[2026-06-30 09:11:04] 63 docs en attente…
[2026-06-30 09:11:04]   → fa200745 Squat et écriture
[2026-06-30 09:11:06] 63 docs en attente…
[2026-06-30 09:11:06]   → fa200745 Squat et écriture
[2026-06-30 09:11:07] 63 docs en attente…
[2026-06-30 09:11:07]   → fa200745 Squat et écriture
[2026-06-30 09:11:09] 63 docs en attente…
[2026-06-30 09:11:09]   → fa200745 Squat et écriture
[2026-06-30 09:11:11] 63 docs en attente…
[2026-06-30 09:11:11]   → fa200745 Squat et écriture
[2026-06-30 09:11:12] 63 docs en attente…
[2026-06-30 09:11:12]   → fa200745 Squat et écriture
[2026-06-30 09:11:14] 63 docs en attente…
[2026-06-30 09:11:14]   → fa200745 Squat et écriture
[2026-06-30 09:11:15] 63 docs en attente…
[2026-06-30 09:11:15]   → fa200745 Squat et écriture
[2026-06-30 09:11:17] 63 docs en attente…
[2026-06-30 09:11:17]   → fa200745 Squat et écriture
[2026-06-30 09:11:18] 63 docs en attente…
[2026-06-30 09:11:18]   → fa200745 Squat et écriture
[2026-06-30 09:11:19] 63 docs en attente…
[2026-06-30 09:11:19]   → fa200745 Squat et écriture
[2026-06-30 09:11:21] 63 docs en attente…
[2026-06-30 09:11:21]   → fa200745 Squat et écriture
[2026-06-30 09:11:22] 63 docs en attente…
[2026-06-30 09:11:22]   → fa200745 Squat et écriture
[2026-06-30 09:11:23] 63 docs en attente…
[2026-06-30 09:11:23]   → fa200745 Squat et écriture
[2026-06-30 09:11:25] 63 docs en attente…
[2026-06-30 09:11:25]   → fa200745 Squat et écriture
[2026-06-30 09:11:26] 63 docs en attente…
[2026-06-30 09:11:26]   → fa200745 Squat et écriture
[2026-06-30 09:11:27] 63 docs en attente…
[2026-06-30 09:11:27]   → fa200745 Squat et écriture
[2026-06-30 09:11:29] 63 docs en attente…
[2026-06-30 09:11:29]   → fa200745 Squat et écriture
[2026-06-30 09:11:30] 63 docs en attente…
[2026-06-30 09:11:30]   → fa200745 Squat et écriture
[2026-06-30 09:11:32] 63 docs en attente…
[2026-06-30 09:11:32]   → fa200745 Squat et écriture
[2026-06-30 09:11:33] 63 docs en attente…
[2026-06-30 09:11:33]   → fa200745 Squat et écriture
[2026-06-30 09:11:34] 63 docs en attente…
[2026-06-30 09:11:34]   → fa200745 Squat et écriture
[2026-06-30 09:11:36] 63 docs en attente…
[2026-06-30 09:11:36]   → fa200745 Squat et écriture
[2026-06-30 09:11:38] 63 docs en attente…
[2026-06-30 09:11:38]   → fa200745 Squat et écriture
[2026-06-30 09:11:39] 63 docs en attente…
[2026-06-30 09:11:39]   → fa200745 Squat et écriture
[2026-06-30 09:11:40] 63 docs en attente…
[2026-06-30 09:11:40]   → fa200745 Squat et écriture
[2026-06-30 09:11:41] 63 docs en attente…
[2026-06-30 09:11:41]   → fa200745 Squat et écriture
[2026-06-30 09:11:43] 63 docs en attente…
[2026-06-30 09:11:43]   → fa200745 Squat et écriture
[2026-06-30 09:11:44] 63 docs en attente…
[2026-06-30 09:11:44]   → fa200745 Squat et écriture
[2026-06-30 09:11:45] 63 docs en attente…
[2026-06-30 09:11:45]   → fa200745 Squat et écriture
[2026-06-30 09:11:47] 63 docs en attente…
[2026-06-30 09:11:47]   → fa200745 Squat et écriture
[2026-06-30 09:11:48] 63 docs en attente…
[2026-06-30 09:11:48]   → fa200745 Squat et écriture
[2026-06-30 09:11:49] 63 docs en attente…
[2026-06-30 09:11:49]   → fa200745 Squat et écriture
[2026-06-30 09:11:51] 63 docs en attente…
[2026-06-30 09:11:51]   → fa200745 Squat et écriture
[2026-06-30 09:11:52] 63 docs en attente…
[2026-06-30 09:11:52]   → fa200745 Squat et écriture
[2026-06-30 09:11:53] 63 docs en attente…
[2026-06-30 09:11:53]   → fa200745 Squat et écriture
[2026-06-30 09:11:55] 63 docs en attente…
[2026-06-30 09:11:55]   → fa200745 Squat et écriture
[2026-06-30 09:11:56] 63 docs en attente…
[2026-06-30 09:11:56]   → fa200745 Squat et écriture
[2026-06-30 09:11:57] 63 docs en attente…
[2026-06-30 09:11:57]   → fa200745 Squat et écriture
[2026-06-30 09:11:59] 63 docs en attente…
[2026-06-30 09:11:59]   → fa200745 Squat et écriture
[2026-06-30 09:12:00] 63 docs en attente…
[2026-06-30 09:12:00]   → fa200745 Squat et écriture
[2026-06-30 09:12:01] 63 docs en attente…
[2026-06-30 09:12:01]   → fa200745 Squat et écriture
[2026-06-30 09:12:03] 63 docs en attente…
[2026-06-30 09:12:03]   → fa200745 Squat et écriture
[2026-06-30 09:12:04] 63 docs en attente…
[2026-06-30 09:12:04]   → fa200745 Squat et écriture
[2026-06-30 09:12:05] 63 docs en attente…
[2026-06-30 09:12:05]   → fa200745 Squat et écriture
[2026-06-30 09:12:07] 63 docs en attente…
[2026-06-30 09:12:07]   → fa200745 Squat et écriture
[2026-06-30 09:12:08] 63 docs en attente…
[2026-06-30 09:12:08]   → fa200745 Squat et écriture
[2026-06-30 09:12:10] 63 docs en attente…
[2026-06-30 09:12:10]   → fa200745 Squat et écriture
[2026-06-30 09:12:11] 63 docs en attente…
[2026-06-30 09:12:11]   → fa200745 Squat et écriture
[2026-06-30 09:12:12] 63 docs en attente…
[2026-06-30 09:12:12]   → fa200745 Squat et écriture
[2026-06-30 09:12:14] 63 docs en attente…
[2026-06-30 09:12:14]   → fa200745 Squat et écriture
[2026-06-30 09:12:15] 63 docs en attente…
[2026-06-30 09:12:15]   → fa200745 Squat et écriture
[2026-06-30 09:12:16] 63 docs en attente…
[2026-06-30 09:12:16]   → fa200745 Squat et écriture
[2026-06-30 09:12:17] 63 docs en attente…
[2026-06-30 09:12:18]   → fa200745 Squat et écriture
[2026-06-30 09:12:19] 63 docs en attente…
[2026-06-30 09:12:19]   → fa200745 Squat et écriture
[2026-06-30 09:12:20] 63 docs en attente…
[2026-06-30 09:12:20]   → fa200745 Squat et écriture
[2026-06-30 09:12:22] 63 docs en attente…
[2026-06-30 09:12:22]   → fa200745 Squat et écriture
[2026-06-30 09:12:23] 63 docs en attente…
[2026-06-30 09:12:23]   → fa200745 Squat et écriture
[2026-06-30 09:12:24] 63 docs en attente…
[2026-06-30 09:12:24]   → fa200745 Squat et écriture
[2026-06-30 09:12:26] 63 docs en attente…
[2026-06-30 09:12:26]   → fa200745 Squat et écriture
[2026-06-30 09:12:27] 63 docs en attente…
[2026-06-30 09:12:27]   → fa200745 Squat et écriture
[2026-06-30 09:12:28] 63 docs en attente…
[2026-06-30 09:12:28]   → fa200745 Squat et écriture
[2026-06-30 09:12:30] 63 docs en attente…
[2026-06-30 09:12:30]   → fa200745 Squat et écriture
[2026-06-30 09:12:31] 63 docs en attente…
[2026-06-30 09:12:31]   → fa200745 Squat et écriture
[2026-06-30 09:12:32] 63 docs en attente…
[2026-06-30 09:12:32]   → fa200745 Squat et écriture
[2026-06-30 09:12:34] 63 docs en attente…
[2026-06-30 09:12:34]   → fa200745 Squat et écriture
[2026-06-30 09:12:35] 63 docs en attente…
[2026-06-30 09:12:35]   → fa200745 Squat et écriture
[2026-06-30 09:12:36] 63 docs en attente…
[2026-06-30 09:12:36]   → fa200745 Squat et écriture
[2026-06-30 09:12:38] 63 docs en attente…
[2026-06-30 09:12:38]   → fa200745 Squat et écriture
[2026-06-30 09:12:39] 63 docs en attente…
[2026-06-30 09:12:39]   → fa200745 Squat et écriture
[2026-06-30 09:12:40] 63 docs en attente…
[2026-06-30 09:12:40]   → fa200745 Squat et écriture
[2026-06-30 09:12:42] 63 docs en attente…
[2026-06-30 09:12:42]   → fa200745 Squat et écriture
[2026-06-30 09:12:43] 63 docs en attente…
[2026-06-30 09:12:43]   → fa200745 Squat et écriture
[2026-06-30 09:12:44] 63 docs en attente…
[2026-06-30 09:12:44]   → fa200745 Squat et écriture
[2026-06-30 09:12:45] 63 docs en attente…
[2026-06-30 09:12:45]   → fa200745 Squat et écriture
[2026-06-30 09:12:47] 63 docs en attente…
[2026-06-30 09:12:47]   → fa200745 Squat et écriture
[2026-06-30 09:12:48] 63 docs en attente…
[2026-06-30 09:12:48]   → fa200745 Squat et écriture
[2026-06-30 09:12:49] 63 docs en attente…
[2026-06-30 09:12:49]   → fa200745 Squat et écriture
[2026-06-30 09:12:51] 63 docs en attente…
[2026-06-30 09:12:51]   → fa200745 Squat et écriture
[2026-06-30 09:12:52] 63 docs en attente…
[2026-06-30 09:12:52]   → fa200745 Squat et écriture
[2026-06-30 09:12:53] 63 docs en attente…
[2026-06-30 09:12:53]   → fa200745 Squat et écriture
[2026-06-30 09:12:55] 63 docs en attente…
[2026-06-30 09:12:55]   → fa200745 Squat et écriture
[2026-06-30 09:12:56] 63 docs en attente…
[2026-06-30 09:12:56]   → fa200745 Squat et écriture
[2026-06-30 09:12:57] 63 docs en attente…
[2026-06-30 09:12:57]   → fa200745 Squat et écriture
[2026-06-30 09:12:59] 63 docs en attente…
[2026-06-30 09:12:59]   → fa200745 Squat et écriture
[2026-06-30 09:13:00] 63 docs en attente…
[2026-06-30 09:13:00]   → fa200745 Squat et écriture
[2026-06-30 09:13:01] 63 docs en attente…
[2026-06-30 09:13:01]   → fa200745 Squat et écriture
[2026-06-30 09:13:03] 63 docs en attente…
[2026-06-30 09:13:03]   → fa200745 Squat et écriture
[2026-06-30 09:13:04] 63 docs en attente…
[2026-06-30 09:13:04]   → fa200745 Squat et écriture
[2026-06-30 09:13:06] 63 docs en attente…
[2026-06-30 09:13:06]   → fa200745 Squat et écriture
[2026-06-30 09:13:07] 63 docs en attente…
[2026-06-30 09:13:07]   → fa200745 Squat et écriture
[2026-06-30 09:13:09] 63 docs en attente…
[2026-06-30 09:13:09]   → fa200745 Squat et écriture
[2026-06-30 09:13:10] 63 docs en attente…
[2026-06-30 09:13:10]   → fa200745 Squat et écriture
[2026-06-30 09:13:11] 63 docs en attente…
[2026-06-30 09:13:11]   → fa200745 Squat et écriture
[2026-06-30 09:13:13] 63 docs en attente…
[2026-06-30 09:13:13]   → fa200745 Squat et écriture
[2026-06-30 09:13:15] 63 docs en attente…
[2026-06-30 09:13:15]   → fa200745 Squat et écriture
[2026-06-30 09:13:16] 63 docs en attente…
[2026-06-30 09:13:16]   → fa200745 Squat et écriture
[2026-06-30 09:13:17] 63 docs en attente…
[2026-06-30 09:13:17]   → fa200745 Squat et écriture
[2026-06-30 09:13:18] 63 docs en attente…
[2026-06-30 09:13:18]   → fa200745 Squat et écriture
[2026-06-30 09:13:20] 63 docs en attente…
[2026-06-30 09:13:20]   → fa200745 Squat et écriture
[2026-06-30 09:13:21] 63 docs en attente…
[2026-06-30 09:13:21]   → fa200745 Squat et écriture
[2026-06-30 09:13:22] 63 docs en attente…
[2026-06-30 09:13:22]   → fa200745 Squat et écriture
[2026-06-30 09:13:24] 63 docs en attente…
[2026-06-30 09:13:24]   → fa200745 Squat et écriture
[2026-06-30 09:13:25] 63 docs en attente…
[2026-06-30 09:13:25]   → fa200745 Squat et écriture
[2026-06-30 09:13:26] 63 docs en attente…
[2026-06-30 09:13:26]   → fa200745 Squat et écriture
[2026-06-30 09:13:28] 63 docs en attente…
[2026-06-30 09:13:28]   → fa200745 Squat et écriture
[2026-06-30 09:13:29] 63 docs en attente…
[2026-06-30 09:13:29]   → fa200745 Squat et écriture
[2026-06-30 09:13:30] 63 docs en attente…
[2026-06-30 09:13:30]   → fa200745 Squat et écriture
[2026-06-30 09:13:32] 63 docs en attente…
[2026-06-30 09:13:32]   → fa200745 Squat et écriture
[2026-06-30 09:13:33] 63 docs en attente…
[2026-06-30 09:13:33]   → fa200745 Squat et écriture
[2026-06-30 09:13:34] 63 docs en attente…
[2026-06-30 09:13:34]   → fa200745 Squat et écriture
[2026-06-30 09:13:36] 63 docs en attente…
[2026-06-30 09:13:36]   → fa200745 Squat et écriture
[2026-06-30 09:13:37] 63 docs en attente…
[2026-06-30 09:13:37]   → fa200745 Squat et écriture
[2026-06-30 09:13:38] 63 docs en attente…
[2026-06-30 09:13:38]   → fa200745 Squat et écriture
[2026-06-30 09:13:40] 63 docs en attente…
[2026-06-30 09:13:40]   → fa200745 Squat et écriture
[2026-06-30 09:13:41] 63 docs en attente…
[2026-06-30 09:13:41]   → fa200745 Squat et écriture
[2026-06-30 09:13:42] 63 docs en attente…
[2026-06-30 09:13:42]   → fa200745 Squat et écriture
[2026-06-30 09:13:44] 63 docs en attente…
[2026-06-30 09:13:44]   → fa200745 Squat et écriture
[2026-06-30 09:13:45] 63 docs en attente…
[2026-06-30 09:13:45]   → fa200745 Squat et écriture
[2026-06-30 09:13:46] 63 docs en attente…
[2026-06-30 09:13:46]   → fa200745 Squat et écriture
[2026-06-30 09:13:48] 63 docs en attente…
[2026-06-30 09:13:48]   → fa200745 Squat et écriture
[2026-06-30 09:13:49] 63 docs en attente…
[2026-06-30 09:13:49]   → fa200745 Squat et écriture
[2026-06-30 09:13:51] 63 docs en attente…
[2026-06-30 09:13:51]   → fa200745 Squat et écriture
[2026-06-30 09:13:52] 63 docs en attente…
[2026-06-30 09:13:52]   → fa200745 Squat et écriture
[2026-06-30 09:13:54] 63 docs en attente…
[2026-06-30 09:13:54]   → fa200745 Squat et écriture
[2026-06-30 09:13:55] 63 docs en attente…
[2026-06-30 09:13:55]   → fa200745 Squat et écriture
[2026-06-30 09:13:56] 63 docs en attente…
[2026-06-30 09:13:56]   → fa200745 Squat et écriture
[2026-06-30 09:13:58] 63 docs en attente…
[2026-06-30 09:13:58]   → fa200745 Squat et écriture
[2026-06-30 09:13:59] 63 docs en attente…
[2026-06-30 09:13:59]   → fa200745 Squat et écriture
[2026-06-30 09:14:00] 63 docs en attente…
[2026-06-30 09:14:00]   → fa200745 Squat et écriture
[2026-06-30 09:14:02] 63 docs en attente…
[2026-06-30 09:14:02]   → fa200745 Squat et écriture
[2026-06-30 09:14:03] 63 docs en attente…
[2026-06-30 09:14:03]   → fa200745 Squat et écriture
[2026-06-30 09:14:04] 63 docs en attente…
[2026-06-30 09:14:04]   → fa200745 Squat et écriture
[2026-06-30 09:14:06] 63 docs en attente…
[2026-06-30 09:14:06]   → fa200745 Squat et écriture
[2026-06-30 09:14:07] 63 docs en attente…
[2026-06-30 09:14:07]   → fa200745 Squat et écriture
[2026-06-30 09:14:08] 63 docs en attente…
[2026-06-30 09:14:08]   → fa200745 Squat et écriture
[2026-06-30 09:14:10] 63 docs en attente…
[2026-06-30 09:14:10]   → fa200745 Squat et écriture
[2026-06-30 09:14:11] 63 docs en attente…
[2026-06-30 09:14:11]   → fa200745 Squat et écriture
[2026-06-30 09:14:12] 63 docs en attente…
[2026-06-30 09:14:12]   → fa200745 Squat et écriture
[2026-06-30 09:14:14] 63 docs en attente…
[2026-06-30 09:14:14]   → fa200745 Squat et écriture
[2026-06-30 09:14:15] 63 docs en attente…
[2026-06-30 09:14:15]   → fa200745 Squat et écriture
[2026-06-30 09:14:16] 63 docs en attente…
[2026-06-30 09:14:16]   → fa200745 Squat et écriture
[2026-06-30 09:14:18] 63 docs en attente…
[2026-06-30 09:14:18]   → fa200745 Squat et écriture
[2026-06-30 09:14:19] 63 docs en attente…
[2026-06-30 09:14:19]   → fa200745 Squat et écriture
[2026-06-30 09:14:20] 63 docs en attente…
[2026-06-30 09:14:20]   → fa200745 Squat et écriture
[2026-06-30 09:14:22] 63 docs en attente…
[2026-06-30 09:14:22]   → fa200745 Squat et écriture
[2026-06-30 09:14:23] 63 docs en attente…
[2026-06-30 09:14:23]   → fa200745 Squat et écriture
[2026-06-30 09:14:24] 63 docs en attente…
[2026-06-30 09:14:24]   → fa200745 Squat et écriture
[2026-06-30 09:14:26] 63 docs en attente…
[2026-06-30 09:14:26]   → fa200745 Squat et écriture
[2026-06-30 09:14:27] 63 docs en attente…
[2026-06-30 09:14:27]   → fa200745 Squat et écriture
[2026-06-30 09:14:28] 63 docs en attente…
[2026-06-30 09:14:28]   → fa200745 Squat et écriture
[2026-06-30 09:14:30] 63 docs en attente…
[2026-06-30 09:14:30]   → fa200745 Squat et écriture
[2026-06-30 09:14:31] 63 docs en attente…
[2026-06-30 09:14:31]   → fa200745 Squat et écriture
[2026-06-30 09:14:32] 63 docs en attente…
[2026-06-30 09:14:32]   → fa200745 Squat et écriture
[2026-06-30 09:14:34] 63 docs en attente…
[2026-06-30 09:14:34]   → fa200745 Squat et écriture
[2026-06-30 09:14:35] 63 docs en attente…
[2026-06-30 09:14:35]   → fa200745 Squat et écriture
[2026-06-30 09:14:36] 63 docs en attente…
[2026-06-30 09:14:36]   → fa200745 Squat et écriture
[2026-06-30 09:14:38] 63 docs en attente…
[2026-06-30 09:14:38]   → fa200745 Squat et écriture
[2026-06-30 09:14:39] 63 docs en attente…
[2026-06-30 09:14:39]   → fa200745 Squat et écriture
[2026-06-30 09:14:40] 63 docs en attente…
[2026-06-30 09:14:40]   → fa200745 Squat et écriture
[2026-06-30 09:14:41] 63 docs en attente…
[2026-06-30 09:14:42]   → fa200745 Squat et écriture
[2026-06-30 09:14:43] 63 docs en attente…
[2026-06-30 09:14:43]   → fa200745 Squat et écriture
[2026-06-30 09:14:44] 63 docs en attente…
[2026-06-30 09:14:44]   → fa200745 Squat et écriture
[2026-06-30 09:14:45] 63 docs en attente…
[2026-06-30 09:14:45]   → fa200745 Squat et écriture
[2026-06-30 09:14:47] 63 docs en attente…
[2026-06-30 09:14:47]   → fa200745 Squat et écriture
[2026-06-30 09:14:48] 63 docs en attente…
[2026-06-30 09:14:48]   → fa200745 Squat et écriture
[2026-06-30 09:14:50] 63 docs en attente…
[2026-06-30 09:14:50]   → fa200745 Squat et écriture
[2026-06-30 09:14:52] 63 docs en attente…
[2026-06-30 09:14:52]   → fa200745 Squat et écriture
[2026-06-30 09:14:54] 63 docs en attente…
[2026-06-30 09:14:54]   → fa200745 Squat et écriture
[2026-06-30 09:14:55] 63 docs en attente…
[2026-06-30 09:14:55]   → fa200745 Squat et écriture
[2026-06-30 09:14:57] 63 docs en attente…
[2026-06-30 09:14:57]   → fa200745 Squat et écriture
[2026-06-30 09:14:58] 63 docs en attente…
[2026-06-30 09:14:58]   → fa200745 Squat et écriture
[2026-06-30 09:15:00] 63 docs en attente…
[2026-06-30 09:15:00]   → fa200745 Squat et écriture
[2026-06-30 09:15:01] 63 docs en attente…
[2026-06-30 09:15:01]   → fa200745 Squat et écriture
[2026-06-30 09:15:02] 63 docs en attente…
[2026-06-30 09:15:02]   → fa200745 Squat et écriture
[2026-06-30 09:15:04] 63 docs en attente…
[2026-06-30 09:15:04]   → fa200745 Squat et écriture
[2026-06-30 09:15:05] 63 docs en attente…
[2026-06-30 09:15:05]   → fa200745 Squat et écriture
[2026-06-30 09:15:07] 63 docs en attente…
[2026-06-30 09:15:07]   → fa200745 Squat et écriture
[2026-06-30 09:15:08] 63 docs en attente…
[2026-06-30 09:15:08]   → fa200745 Squat et écriture
[2026-06-30 09:15:09] 63 docs en attente…
[2026-06-30 09:15:09]   → fa200745 Squat et écriture
[2026-06-30 09:15:11] 63 docs en attente…
[2026-06-30 09:15:11]   → fa200745 Squat et écriture
[2026-06-30 09:15:12] 63 docs en attente…
[2026-06-30 09:15:12]   → fa200745 Squat et écriture
[2026-06-30 09:15:13] 63 docs en attente…
[2026-06-30 09:15:13]   → fa200745 Squat et écriture
[2026-06-30 09:15:15] 63 docs en attente…
[2026-06-30 09:15:15]   → fa200745 Squat et écriture
[2026-06-30 09:15:16] 63 docs en attente…
[2026-06-30 09:15:16]   → fa200745 Squat et écriture
[2026-06-30 09:15:18] 63 docs en attente…
[2026-06-30 09:15:18]   → fa200745 Squat et écriture
[2026-06-30 09:15:19] 63 docs en attente…
[2026-06-30 09:15:20]   → fa200745 Squat et écriture
[2026-06-30 09:15:21] 63 docs en attente…
[2026-06-30 09:15:21]   → fa200745 Squat et écriture
[2026-06-30 09:15:22] 63 docs en attente…
[2026-06-30 09:15:22]   → fa200745 Squat et écriture
[2026-06-30 09:15:24] 63 docs en attente…
[2026-06-30 09:15:24]   → fa200745 Squat et écriture
[2026-06-30 09:15:25] 63 docs en attente…
[2026-06-30 09:15:25]   → fa200745 Squat et écriture
[2026-06-30 09:15:27] 63 docs en attente…
[2026-06-30 09:15:27]   → fa200745 Squat et écriture
[2026-06-30 09:15:28] 63 docs en attente…
[2026-06-30 09:15:28]   → fa200745 Squat et écriture
[2026-06-30 09:15:30] 63 docs en attente…
[2026-06-30 09:15:30]   → fa200745 Squat et écriture
[2026-06-30 09:15:31] 63 docs en attente…
[2026-06-30 09:15:31]   → fa200745 Squat et écriture
[2026-06-30 09:15:32] 63 docs en attente…
[2026-06-30 09:15:32]   → fa200745 Squat et écriture
[2026-06-30 09:15:34] 63 docs en attente…
[2026-06-30 09:15:34]   → fa200745 Squat et écriture
[2026-06-30 09:15:35] 63 docs en attente…
[2026-06-30 09:15:35]   → fa200745 Squat et écriture
[2026-06-30 09:15:36] 63 docs en attente…
[2026-06-30 09:15:37]   → fa200745 Squat et écriture
[2026-06-30 09:15:38] 63 docs en attente…
[2026-06-30 09:15:38]   → fa200745 Squat et écriture
[2026-06-30 09:15:39] 63 docs en attente…
[2026-06-30 09:15:39]   → fa200745 Squat et écriture
[2026-06-30 09:15:41] 63 docs en attente…
[2026-06-30 09:15:41]   → fa200745 Squat et écriture
[2026-06-30 09:15:42] 63 docs en attente…
[2026-06-30 09:15:42]   → fa200745 Squat et écriture
[2026-06-30 09:15:43] 63 docs en attente…
[2026-06-30 09:15:43]   → fa200745 Squat et écriture
[2026-06-30 09:15:45] 63 docs en attente…
[2026-06-30 09:15:45]   → fa200745 Squat et écriture
[2026-06-30 09:15:47] 63 docs en attente…
[2026-06-30 09:15:47]   → fa200745 Squat et écriture
[2026-06-30 09:15:48] 63 docs en attente…
[2026-06-30 09:15:48]   → fa200745 Squat et écriture
[2026-06-30 09:15:50] 63 docs en attente…
[2026-06-30 09:15:50]   → fa200745 Squat et écriture
[2026-06-30 09:15:51] 63 docs en attente…
[2026-06-30 09:15:51]   → fa200745 Squat et écriture
[2026-06-30 09:15:52] 63 docs en attente…
[2026-06-30 09:15:52]   → fa200745 Squat et écriture
[2026-06-30 09:15:54] 63 docs en attente…
[2026-06-30 09:15:54]   → fa200745 Squat et écriture
[2026-06-30 09:15:55] 63 docs en attente…
[2026-06-30 09:15:55]   → fa200745 Squat et écriture
[2026-06-30 09:15:56] 63 docs en attente…
[2026-06-30 09:15:56]   → fa200745 Squat et écriture
[2026-06-30 09:15:58] 63 docs en attente…
[2026-06-30 09:15:58]   → fa200745 Squat et écriture
[2026-06-30 09:15:59] 63 docs en attente…
[2026-06-30 09:15:59]   → fa200745 Squat et écriture
[2026-06-30 09:16:00] 63 docs en attente…
[2026-06-30 09:16:01]   → fa200745 Squat et écriture
[2026-06-30 09:16:02] 63 docs en attente…
[2026-06-30 09:16:02]   → fa200745 Squat et écriture
[2026-06-30 09:16:03] 63 docs en attente…
[2026-06-30 09:16:03]   → fa200745 Squat et écriture
[2026-06-30 09:16:05] 63 docs en attente…
[2026-06-30 09:16:05]   → fa200745 Squat et écriture
[2026-06-30 09:16:06] 63 docs en attente…
[2026-06-30 09:16:06]   → fa200745 Squat et écriture
[2026-06-30 09:16:08] 63 docs en attente…
[2026-06-30 09:16:08]   → fa200745 Squat et écriture
[2026-06-30 09:16:09] 63 docs en attente…
[2026-06-30 09:16:09]   → fa200745 Squat et écriture
[2026-06-30 09:16:10] 63 docs en attente…
[2026-06-30 09:16:10]   → fa200745 Squat et écriture
[2026-06-30 09:16:12] 63 docs en attente…
[2026-06-30 09:16:12]   → fa200745 Squat et écriture
[2026-06-30 09:16:13] 63 docs en attente…
[2026-06-30 09:16:13]   → fa200745 Squat et écriture
[2026-06-30 09:16:14] 63 docs en attente…
[2026-06-30 09:16:14]   → fa200745 Squat et écriture
[2026-06-30 09:16:16] 63 docs en attente…
[2026-06-30 09:16:16]   → fa200745 Squat et écriture
[2026-06-30 09:16:17] 63 docs en attente…
[2026-06-30 09:16:17]   → fa200745 Squat et écriture
[2026-06-30 09:16:18] 63 docs en attente…
[2026-06-30 09:16:18]   → fa200745 Squat et écriture
[2026-06-30 09:16:20] 63 docs en attente…
[2026-06-30 09:16:20]   → fa200745 Squat et écriture
[2026-06-30 09:16:21] 63 docs en attente…
[2026-06-30 09:16:21]   → fa200745 Squat et écriture
[2026-06-30 09:16:22] 63 docs en attente…
[2026-06-30 09:16:22]   → fa200745 Squat et écriture
[2026-06-30 09:16:24] 63 docs en attente…
[2026-06-30 09:16:24]   → fa200745 Squat et écriture
[2026-06-30 09:16:25] 63 docs en attente…
[2026-06-30 09:16:25]   → fa200745 Squat et écriture
[2026-06-30 09:16:26] 63 docs en attente…
[2026-06-30 09:16:26]   → fa200745 Squat et écriture
[2026-06-30 09:16:28] 63 docs en attente…
[2026-06-30 09:16:28]   → fa200745 Squat et écriture
[2026-06-30 09:16:29] 63 docs en attente…
[2026-06-30 09:16:29]   → fa200745 Squat et écriture
[2026-06-30 09:16:30] 63 docs en attente…
[2026-06-30 09:16:30]   → fa200745 Squat et écriture
[2026-06-30 09:16:32] 63 docs en attente…
[2026-06-30 09:16:32]   → fa200745 Squat et écriture
[2026-06-30 09:16:33] 63 docs en attente…
[2026-06-30 09:16:33]   → fa200745 Squat et écriture
[2026-06-30 09:16:34] 63 docs en attente…
[2026-06-30 09:16:34]   → fa200745 Squat et écriture
[2026-06-30 09:16:36] 63 docs en attente…
[2026-06-30 09:16:36]   → fa200745 Squat et écriture
[2026-06-30 09:16:37] 63 docs en attente…
[2026-06-30 09:16:37]   → fa200745 Squat et écriture
[2026-06-30 09:16:38] 63 docs en attente…
[2026-06-30 09:16:38]   → fa200745 Squat et écriture
[2026-06-30 09:16:40] 63 docs en attente…
[2026-06-30 09:16:40]   → fa200745 Squat et écriture
[2026-06-30 09:16:41] 63 docs en attente…
[2026-06-30 09:16:41]   → fa200745 Squat et écriture
[2026-06-30 09:16:42] 63 docs en attente…
[2026-06-30 09:16:42]   → fa200745 Squat et écriture
[2026-06-30 09:16:44] 63 docs en attente…
[2026-06-30 09:16:44]   → fa200745 Squat et écriture
[2026-06-30 09:16:45] 63 docs en attente…
[2026-06-30 09:16:45]   → fa200745 Squat et écriture
[2026-06-30 09:16:46] 63 docs en attente…
[2026-06-30 09:16:46]   → fa200745 Squat et écriture
[2026-06-30 09:16:48] 63 docs en attente…
[2026-06-30 09:16:48]   → fa200745 Squat et écriture
[2026-06-30 09:16:49] 63 docs en attente…
[2026-06-30 09:16:49]   → fa200745 Squat et écriture
[2026-06-30 09:16:51] 63 docs en attente…
[2026-06-30 09:16:51]   → fa200745 Squat et écriture
[2026-06-30 09:16:52] 63 docs en attente…
[2026-06-30 09:16:52]   → fa200745 Squat et écriture
[2026-06-30 09:16:54] 63 docs en attente…
[2026-06-30 09:16:54]   → fa200745 Squat et écriture
[2026-06-30 09:16:55] 63 docs en attente…
[2026-06-30 09:16:55]   → fa200745 Squat et écriture
[2026-06-30 09:16:56] 63 docs en attente…
[2026-06-30 09:16:56]   → fa200745 Squat et écriture
[2026-06-30 09:16:58] 63 docs en attente…
[2026-06-30 09:16:58]   → fa200745 Squat et écriture
[2026-06-30 09:16:59] 63 docs en attente…
[2026-06-30 09:16:59]   → fa200745 Squat et écriture
[2026-06-30 09:17:00] 63 docs en attente…
[2026-06-30 09:17:00]   → fa200745 Squat et écriture
[2026-06-30 09:17:02] 63 docs en attente…
[2026-06-30 09:17:02]   → fa200745 Squat et écriture
[2026-06-30 09:17:03] 63 docs en attente…
[2026-06-30 09:17:03]   → fa200745 Squat et écriture
[2026-06-30 09:17:05] 63 docs en attente…
[2026-06-30 09:17:05]   → fa200745 Squat et écriture
[2026-06-30 09:17:06] 63 docs en attente…
[2026-06-30 09:17:06]   → fa200745 Squat et écriture
[2026-06-30 09:17:07] 63 docs en attente…
[2026-06-30 09:17:07]   → fa200745 Squat et écriture
[2026-06-30 09:17:09] 63 docs en attente…
[2026-06-30 09:17:09]   → fa200745 Squat et écriture
[2026-06-30 09:17:10] 63 docs en attente…
[2026-06-30 09:17:10]   → fa200745 Squat et écriture
[2026-06-30 09:17:11] 63 docs en attente…
[2026-06-30 09:17:11]   → fa200745 Squat et écriture
[2026-06-30 09:17:13] 63 docs en attente…
[2026-06-30 09:17:13]   → fa200745 Squat et écriture
[2026-06-30 09:17:15] 63 docs en attente…
[2026-06-30 09:17:15]   → fa200745 Squat et écriture
[2026-06-30 09:17:16] 63 docs en attente…
[2026-06-30 09:17:16]   → fa200745 Squat et écriture
[2026-06-30 09:17:17] 63 docs en attente…
[2026-06-30 09:17:17]   → fa200745 Squat et écriture
[2026-06-30 09:17:19] 63 docs en attente…
[2026-06-30 09:17:19]   → fa200745 Squat et écriture
[2026-06-30 09:17:20] 63 docs en attente…
[2026-06-30 09:17:20]   → fa200745 Squat et écriture
[2026-06-30 09:17:21] 63 docs en attente…
[2026-06-30 09:17:21]   → fa200745 Squat et écriture
[2026-06-30 09:17:23] 63 docs en attente…
[2026-06-30 09:17:23]   → fa200745 Squat et écriture
[2026-06-30 09:17:24] 63 docs en attente…
[2026-06-30 09:17:24]   → fa200745 Squat et écriture
[2026-06-30 09:17:25] 63 docs en attente…
[2026-06-30 09:17:25]   → fa200745 Squat et écriture
[2026-06-30 09:17:27] 63 docs en attente…
[2026-06-30 09:17:27]   → fa200745 Squat et écriture
[2026-06-30 09:17:28] 63 docs en attente…
[2026-06-30 09:17:28]   → fa200745 Squat et écriture
[2026-06-30 09:17:29] 63 docs en attente…
[2026-06-30 09:17:29]   → fa200745 Squat et écriture
[2026-06-30 09:17:31] 63 docs en attente…
[2026-06-30 09:17:31]   → fa200745 Squat et écriture
[2026-06-30 09:17:32] 63 docs en attente…
[2026-06-30 09:17:32]   → fa200745 Squat et écriture
[2026-06-30 09:17:33] 63 docs en attente…
[2026-06-30 09:17:33]   → fa200745 Squat et écriture
[2026-06-30 09:17:35] 63 docs en attente…
[2026-06-30 09:17:35]   → fa200745 Squat et écriture
[2026-06-30 09:17:36] 63 docs en attente…
[2026-06-30 09:17:36]   → fa200745 Squat et écriture
[2026-06-30 09:17:37] 63 docs en attente…
[2026-06-30 09:17:37]   → fa200745 Squat et écriture
[2026-06-30 09:17:39] 63 docs en attente…
[2026-06-30 09:17:39]   → fa200745 Squat et écriture
[2026-06-30 09:17:40] 63 docs en attente…
[2026-06-30 09:17:40]   → fa200745 Squat et écriture
[2026-06-30 09:17:41] 63 docs en attente…
[2026-06-30 09:17:41]   → fa200745 Squat et écriture
[2026-06-30 09:17:43] 63 docs en attente…
[2026-06-30 09:17:43]   → fa200745 Squat et écriture
[2026-06-30 09:17:44] 63 docs en attente…
[2026-06-30 09:17:44]   → fa200745 Squat et écriture
[2026-06-30 09:17:45] 63 docs en attente…
[2026-06-30 09:17:45]   → fa200745 Squat et écriture
[2026-06-30 09:17:47] 63 docs en attente…
[2026-06-30 09:17:47]   → fa200745 Squat et écriture
[2026-06-30 09:17:48] 63 docs en attente…
[2026-06-30 09:17:48]   → fa200745 Squat et écriture
[2026-06-30 09:17:49] 63 docs en attente…
[2026-06-30 09:17:49]   → fa200745 Squat et écriture
[2026-06-30 09:17:51] 63 docs en attente…
[2026-06-30 09:17:51]   → fa200745 Squat et écriture
[2026-06-30 09:17:52] 63 docs en attente…
[2026-06-30 09:17:52]   → fa200745 Squat et écriture
[2026-06-30 09:17:53] 63 docs en attente…
[2026-06-30 09:17:53]   → fa200745 Squat et écriture
[2026-06-30 09:17:55] 63 docs en attente…
[2026-06-30 09:17:55]   → fa200745 Squat et écriture
[2026-06-30 09:17:56] 63 docs en attente…
[2026-06-30 09:17:56]   → fa200745 Squat et écriture
[2026-06-30 09:17:57] 63 docs en attente…
[2026-06-30 09:17:57]   → fa200745 Squat et écriture
[2026-06-30 09:17:58] 63 docs en attente…
[2026-06-30 09:17:59]   → fa200745 Squat et écriture
[2026-06-30 09:18:00] 63 docs en attente…
[2026-06-30 09:18:00]   → fa200745 Squat et écriture
[2026-06-30 09:18:01] 63 docs en attente…
[2026-06-30 09:18:01]   → fa200745 Squat et écriture
[2026-06-30 09:18:02] 63 docs en attente…
[2026-06-30 09:18:02]   → fa200745 Squat et écriture
[2026-06-30 09:18:04] 63 docs en attente…
[2026-06-30 09:18:04]   → fa200745 Squat et écriture
[2026-06-30 09:18:05] 63 docs en attente…
[2026-06-30 09:18:05]   → fa200745 Squat et écriture
[2026-06-30 09:18:06] 63 docs en attente…
[2026-06-30 09:18:06]   → fa200745 Squat et écriture
[2026-06-30 09:18:08] 63 docs en attente…
[2026-06-30 09:18:08]   → fa200745 Squat et écriture
[2026-06-30 09:18:09] 63 docs en attente…
[2026-06-30 09:18:09]   → fa200745 Squat et écriture
[2026-06-30 09:18:11] 63 docs en attente…
[2026-06-30 09:18:11]   → fa200745 Squat et écriture
[2026-06-30 09:18:12] 63 docs en attente…
[2026-06-30 09:18:12]   → fa200745 Squat et écriture
[2026-06-30 09:18:14] 63 docs en attente…
[2026-06-30 09:18:14]   → fa200745 Squat et écriture
[2026-06-30 09:18:15] 63 docs en attente…
[2026-06-30 09:18:15]   → fa200745 Squat et écriture
[2026-06-30 09:18:16] 63 docs en attente…
[2026-06-30 09:18:16]   → fa200745 Squat et écriture
[2026-06-30 09:18:18] 63 docs en attente…
[2026-06-30 09:18:18]   → fa200745 Squat et écriture
[2026-06-30 09:18:19] 63 docs en attente…
[2026-06-30 09:18:19]   → fa200745 Squat et écriture
[2026-06-30 09:18:20] 63 docs en attente…
[2026-06-30 09:18:20]   → fa200745 Squat et écriture
[2026-06-30 09:18:22] 63 docs en attente…
[2026-06-30 09:18:22]   → fa200745 Squat et écriture
[2026-06-30 09:18:23] 63 docs en attente…
[2026-06-30 09:18:23]   → fa200745 Squat et écriture
[2026-06-30 09:18:25] 63 docs en attente…
[2026-06-30 09:18:25]   → fa200745 Squat et écriture
[2026-06-30 09:18:26] 63 docs en attente…
[2026-06-30 09:18:26]   → fa200745 Squat et écriture
[2026-06-30 09:18:27] 63 docs en attente…
[2026-06-30 09:18:27]   → fa200745 Squat et écriture
[2026-06-30 09:18:29] 63 docs en attente…
[2026-06-30 09:18:29]   → fa200745 Squat et écriture
[2026-06-30 09:18:30] 63 docs en attente…
[2026-06-30 09:18:30]   → fa200745 Squat et écriture
[2026-06-30 09:18:31] 63 docs en attente…
[2026-06-30 09:18:31]   → fa200745 Squat et écriture
[2026-06-30 09:18:33] 63 docs en attente…
[2026-06-30 09:18:33]   → fa200745 Squat et écriture
[2026-06-30 09:18:34] 63 docs en attente…
[2026-06-30 09:18:34]   → fa200745 Squat et écriture
[2026-06-30 09:18:36] 63 docs en attente…
[2026-06-30 09:18:36]   → fa200745 Squat et écriture
[2026-06-30 09:18:38] 63 docs en attente…
[2026-06-30 09:18:38]   → fa200745 Squat et écriture
[2026-06-30 09:18:39] 63 docs en attente…
[2026-06-30 09:18:39]   → fa200745 Squat et écriture
[2026-06-30 09:18:40] 63 docs en attente…
[2026-06-30 09:18:40]   → fa200745 Squat et écriture
[2026-06-30 09:18:41] 63 docs en attente…
[2026-06-30 09:18:41]   → fa200745 Squat et écriture
[2026-06-30 09:18:43] 63 docs en attente…
[2026-06-30 09:18:43]   → fa200745 Squat et écriture
[2026-06-30 09:18:44] 63 docs en attente…
[2026-06-30 09:18:44]   → fa200745 Squat et écriture
[2026-06-30 09:18:45] 63 docs en attente…
[2026-06-30 09:18:45]   → fa200745 Squat et écriture
[2026-06-30 09:18:47] 63 docs en attente…
[2026-06-30 09:18:47]   → fa200745 Squat et écriture
[2026-06-30 09:18:48] 63 docs en attente…
[2026-06-30 09:18:48]   → fa200745 Squat et écriture
[2026-06-30 09:18:50] 63 docs en attente…
[2026-06-30 09:18:50]   → fa200745 Squat et écriture
[2026-06-30 09:18:51] 63 docs en attente…
[2026-06-30 09:18:51]   → fa200745 Squat et écriture
[2026-06-30 09:18:52] 63 docs en attente…
[2026-06-30 09:18:52]   → fa200745 Squat et écriture
[2026-06-30 09:18:54] 63 docs en attente…
[2026-06-30 09:18:54]   → fa200745 Squat et écriture
[2026-06-30 09:18:55] 63 docs en attente…
[2026-06-30 09:18:55]   → fa200745 Squat et écriture
[2026-06-30 09:18:57] 63 docs en attente…
[2026-06-30 09:18:57]   → fa200745 Squat et écriture
[2026-06-30 09:18:58] 63 docs en attente…
[2026-06-30 09:18:58]   → fa200745 Squat et écriture
[2026-06-30 09:18:59] 63 docs en attente…
[2026-06-30 09:18:59]   → fa200745 Squat et écriture
[2026-06-30 09:19:01] 63 docs en attente…
[2026-06-30 09:19:01]   → fa200745 Squat et écriture
[2026-06-30 09:19:02] 63 docs en attente…
[2026-06-30 09:19:02]   → fa200745 Squat et écriture
[2026-06-30 09:19:03] 63 docs en attente…
[2026-06-30 09:19:03]   → fa200745 Squat et écriture
[2026-06-30 09:19:05] 63 docs en attente…
[2026-06-30 09:19:05]   → fa200745 Squat et écriture
[2026-06-30 09:19:06] 63 docs en attente…
[2026-06-30 09:19:06]   → fa200745 Squat et écriture
[2026-06-30 09:19:07] 63 docs en attente…
[2026-06-30 09:19:07]   → fa200745 Squat et écriture
[2026-06-30 09:19:09] 63 docs en attente…
[2026-06-30 09:19:09]   → fa200745 Squat et écriture
[2026-06-30 09:19:10] 63 docs en attente…
[2026-06-30 09:19:10]   → fa200745 Squat et écriture
[2026-06-30 09:19:11] 63 docs en attente…
[2026-06-30 09:19:12]   → fa200745 Squat et écriture
[2026-06-30 09:19:13] 63 docs en attente…
[2026-06-30 09:19:13]   → fa200745 Squat et écriture
[2026-06-30 09:19:15] 63 docs en attente…
[2026-06-30 09:19:15]   → fa200745 Squat et écriture
[2026-06-30 09:19:16] 63 docs en attente…
[2026-06-30 09:19:16]   → fa200745 Squat et écriture
[2026-06-30 09:19:17] 63 docs en attente…
[2026-06-30 09:19:17]   → fa200745 Squat et écriture
[2026-06-30 09:19:18] 63 docs en attente…
[2026-06-30 09:19:19]   → fa200745 Squat et écriture
[2026-06-30 09:19:20] 63 docs en attente…
[2026-06-30 09:19:20]   → fa200745 Squat et écriture
[2026-06-30 09:19:21] 63 docs en attente…
[2026-06-30 09:19:21]   → fa200745 Squat et écriture
[2026-06-30 09:19:22] 63 docs en attente…
[2026-06-30 09:19:22]   → fa200745 Squat et écriture
[2026-06-30 09:19:24] 63 docs en attente…
[2026-06-30 09:19:24]   → fa200745 Squat et écriture
[2026-06-30 09:19:25] 63 docs en attente…
[2026-06-30 09:19:25]   → fa200745 Squat et écriture
[2026-06-30 09:19:26] 63 docs en attente…
[2026-06-30 09:19:26]   → fa200745 Squat et écriture
[2026-06-30 09:19:28] 63 docs en attente…
[2026-06-30 09:19:28]   → fa200745 Squat et écriture
[2026-06-30 09:19:29] 63 docs en attente…
[2026-06-30 09:19:30]   → fa200745 Squat et écriture
[2026-06-30 09:19:31] 63 docs en attente…
[2026-06-30 09:19:31]   → fa200745 Squat et écriture
[2026-06-30 09:19:33] 63 docs en attente…
[2026-06-30 09:19:33]   → fa200745 Squat et écriture
[2026-06-30 09:19:34] 63 docs en attente…
[2026-06-30 09:19:34]   → fa200745 Squat et écriture
[2026-06-30 09:19:35] 63 docs en attente…
[2026-06-30 09:19:35]   → fa200745 Squat et écriture
[2026-06-30 09:19:37] 63 docs en attente…
[2026-06-30 09:19:37]   → fa200745 Squat et écriture
[2026-06-30 09:19:38] 63 docs en attente…
[2026-06-30 09:19:38]   → fa200745 Squat et écriture
[2026-06-30 09:19:40] 63 docs en attente…
[2026-06-30 09:19:41]   → fa200745 Squat et écriture
[2026-06-30 09:19:42] 63 docs en attente…
[2026-06-30 09:19:42]   → fa200745 Squat et écriture
[2026-06-30 09:19:43] 63 docs en attente…
[2026-06-30 09:19:43]   → fa200745 Squat et écriture
[2026-06-30 09:19:45] 63 docs en attente…
[2026-06-30 09:19:45]   → fa200745 Squat et écriture
[2026-06-30 09:19:46] 63 docs en attente…
[2026-06-30 09:19:46]   → fa200745 Squat et écriture
[2026-06-30 09:19:47] 63 docs en attente…
[2026-06-30 09:19:47]   → fa200745 Squat et écriture
[2026-06-30 09:19:49] 63 docs en attente…
[2026-06-30 09:19:49]   → fa200745 Squat et écriture
[2026-06-30 09:19:51] 63 docs en attente…
[2026-06-30 09:19:51]   → fa200745 Squat et écriture
[2026-06-30 09:19:52] 63 docs en attente…
[2026-06-30 09:19:52]   → fa200745 Squat et écriture
[2026-06-30 09:19:53] 63 docs en attente…
[2026-06-30 09:19:54]   → fa200745 Squat et écriture
[2026-06-30 09:19:55] 63 docs en attente…
[2026-06-30 09:19:55]   → fa200745 Squat et écriture
[2026-06-30 09:19:56] 63 docs en attente…
[2026-06-30 09:19:56]   → fa200745 Squat et écriture
[2026-06-30 09:19:58] 63 docs en attente…
[2026-06-30 09:19:58]   → fa200745 Squat et écriture
[2026-06-30 09:20:00] 63 docs en attente…
[2026-06-30 09:20:00]   → fa200745 Squat et écriture
[2026-06-30 09:20:01] 63 docs en attente…
[2026-06-30 09:20:01]   → fa200745 Squat et écriture
[2026-06-30 09:20:02] 63 docs en attente…
[2026-06-30 09:20:02]   → fa200745 Squat et écriture
[2026-06-30 09:20:04] 63 docs en attente…
[2026-06-30 09:20:04]   → fa200745 Squat et écriture
[2026-06-30 09:20:05] 63 docs en attente…
[2026-06-30 09:20:05]   → fa200745 Squat et écriture
[2026-06-30 09:20:06] 63 docs en attente…
[2026-06-30 09:20:06]   → fa200745 Squat et écriture
[2026-06-30 09:20:08] 63 docs en attente…
[2026-06-30 09:20:08]   → fa200745 Squat et écriture
[2026-06-30 09:20:09] 63 docs en attente…
[2026-06-30 09:20:09]   → fa200745 Squat et écriture
[2026-06-30 09:20:10] 63 docs en attente…
[2026-06-30 09:20:10]   → fa200745 Squat et écriture
[2026-06-30 09:20:12] 63 docs en attente…
[2026-06-30 09:20:12]   → fa200745 Squat et écriture
[2026-06-30 09:20:13] 63 docs en attente…
[2026-06-30 09:20:13]   → fa200745 Squat et écriture
[2026-06-30 09:20:15] 63 docs en attente…
[2026-06-30 09:20:15]   → fa200745 Squat et écriture
[2026-06-30 09:20:16] 63 docs en attente…
[2026-06-30 09:20:16]   → fa200745 Squat et écriture
[2026-06-30 09:20:17] 63 docs en attente…
[2026-06-30 09:20:17]   → fa200745 Squat et écriture
[2026-06-30 09:20:19] 63 docs en attente…
[2026-06-30 09:20:19]   → fa200745 Squat et écriture
[2026-06-30 09:20:20] 63 docs en attente…
[2026-06-30 09:20:20]   → fa200745 Squat et écriture
[2026-06-30 09:20:21] 63 docs en attente…
[2026-06-30 09:20:21]   → fa200745 Squat et écriture
[2026-06-30 09:20:23] 63 docs en attente…
[2026-06-30 09:20:23]   → fa200745 Squat et écriture
[2026-06-30 09:20:24] 63 docs en attente…
[2026-06-30 09:20:24]   → fa200745 Squat et écriture
[2026-06-30 09:20:25] 63 docs en attente…
[2026-06-30 09:20:26]   → fa200745 Squat et écriture
[2026-06-30 09:20:27] 63 docs en attente…
[2026-06-30 09:20:27]   → fa200745 Squat et écriture
[2026-06-30 09:20:28] 63 docs en attente…
[2026-06-30 09:20:28]   → fa200745 Squat et écriture
[2026-06-30 09:20:30] 63 docs en attente…
[2026-06-30 09:20:30]   → fa200745 Squat et écriture
[2026-06-30 09:20:31] 63 docs en attente…
[2026-06-30 09:20:31]   → fa200745 Squat et écriture
[2026-06-30 09:20:33] 63 docs en attente…
[2026-06-30 09:20:33]   → fa200745 Squat et écriture
[2026-06-30 09:20:34] 63 docs en attente…
[2026-06-30 09:20:34]   → fa200745 Squat et écriture
[2026-06-30 09:20:36] 63 docs en attente…
[2026-06-30 09:20:36]   → fa200745 Squat et écriture
[2026-06-30 09:20:37] 63 docs en attente…
[2026-06-30 09:20:37]   → fa200745 Squat et écriture
[2026-06-30 09:20:38] 63 docs en attente…
[2026-06-30 09:20:38]   → fa200745 Squat et écriture
[2026-06-30 09:20:40] 63 docs en attente…
[2026-06-30 09:20:40]   → fa200745 Squat et écriture
[2026-06-30 09:20:41] 63 docs en attente…
[2026-06-30 09:20:41]   → fa200745 Squat et écriture
[2026-06-30 09:20:42] 63 docs en attente…
[2026-06-30 09:20:42]   → fa200745 Squat et écriture
[2026-06-30 09:20:43] 63 docs en attente…
[2026-06-30 09:20:44]   → fa200745 Squat et écriture
[2026-06-30 09:20:45] 63 docs en attente…
[2026-06-30 09:20:45]   → fa200745 Squat et écriture
[2026-06-30 09:20:46] 63 docs en attente…
[2026-06-30 09:20:46]   → fa200745 Squat et écriture
[2026-06-30 09:20:47] 63 docs en attente…
[2026-06-30 09:20:47]   → fa200745 Squat et écriture
[2026-06-30 09:20:49] 63 docs en attente…
[2026-06-30 09:20:49]   → fa200745 Squat et écriture
[2026-06-30 09:20:50] 63 docs en attente…
[2026-06-30 09:20:50]   → fa200745 Squat et écriture
[2026-06-30 09:20:52] 63 docs en attente…
[2026-06-30 09:20:52]   → fa200745 Squat et écriture
[2026-06-30 09:20:53] 63 docs en attente…
[2026-06-30 09:20:53]   → fa200745 Squat et écriture
[2026-06-30 09:20:55] 63 docs en attente…
[2026-06-30 09:20:55]   → fa200745 Squat et écriture
[2026-06-30 09:20:56] 63 docs en attente…
[2026-06-30 09:20:56]   → fa200745 Squat et écriture
[2026-06-30 09:20:57] 63 docs en attente…
[2026-06-30 09:20:57]   → fa200745 Squat et écriture
[2026-06-30 09:20:59] 63 docs en attente…
[2026-06-30 09:20:59]   → fa200745 Squat et écriture
[2026-06-30 09:21:00] 63 docs en attente…
[2026-06-30 09:21:00]   → fa200745 Squat et écriture
[2026-06-30 09:21:01] 63 docs en attente…
[2026-06-30 09:21:01]   → fa200745 Squat et écriture
[2026-06-30 09:21:03] 63 docs en attente…
[2026-06-30 09:21:03]   → fa200745 Squat et écriture
[2026-06-30 09:21:04] 63 docs en attente…
[2026-06-30 09:21:04]   → fa200745 Squat et écriture
[2026-06-30 09:21:06] 63 docs en attente…
[2026-06-30 09:21:06]   → fa200745 Squat et écriture
[2026-06-30 09:21:07] 63 docs en attente…
[2026-06-30 09:21:07]   → fa200745 Squat et écriture
[2026-06-30 09:21:08] 63 docs en attente…
[2026-06-30 09:21:08]   → fa200745 Squat et écriture
[2026-06-30 09:21:10] 63 docs en attente…
[2026-06-30 09:21:10]   → fa200745 Squat et écriture
[2026-06-30 09:21:11] 63 docs en attente…
[2026-06-30 09:21:11]   → fa200745 Squat et écriture
[2026-06-30 09:21:12] 63 docs en attente…
[2026-06-30 09:21:12]   → fa200745 Squat et écriture
[2026-06-30 09:21:13] 63 docs en attente…
[2026-06-30 09:21:13]   → fa200745 Squat et écriture
[2026-06-30 09:21:15] 63 docs en attente…
[2026-06-30 09:21:15]   → fa200745 Squat et écriture
[2026-06-30 09:21:16] 63 docs en attente…
[2026-06-30 09:21:16]   → fa200745 Squat et écriture
[2026-06-30 09:21:17] 63 docs en attente…
[2026-06-30 09:21:17]   → fa200745 Squat et écriture
[2026-06-30 09:21:19] 63 docs en attente…
[2026-06-30 09:21:19]   → fa200745 Squat et écriture
[2026-06-30 09:21:20] 63 docs en attente…
[2026-06-30 09:21:20]   → fa200745 Squat et écriture
[2026-06-30 09:21:21] 63 docs en attente…
[2026-06-30 09:21:21]   → fa200745 Squat et écriture
[2026-06-30 09:21:23] 63 docs en attente…
[2026-06-30 09:21:23]   → fa200745 Squat et écriture
[2026-06-30 09:21:24] 63 docs en attente…
[2026-06-30 09:21:24]   → fa200745 Squat et écriture
[2026-06-30 09:21:25] 63 docs en attente…
[2026-06-30 09:21:25]   → fa200745 Squat et écriture
[2026-06-30 09:21:26] 63 docs en attente…
[2026-06-30 09:21:26]   → fa200745 Squat et écriture
[2026-06-30 09:21:28] 63 docs en attente…
[2026-06-30 09:21:28]   → fa200745 Squat et écriture
[2026-06-30 09:21:29] 63 docs en attente…
[2026-06-30 09:21:29]   → fa200745 Squat et écriture
[2026-06-30 09:21:30] 63 docs en attente…
[2026-06-30 09:21:30]   → fa200745 Squat et écriture
[2026-06-30 09:21:32] 63 docs en attente…
[2026-06-30 09:21:32]   → fa200745 Squat et écriture
[2026-06-30 09:21:33] 63 docs en attente…
[2026-06-30 09:21:33]   → fa200745 Squat et écriture
[2026-06-30 09:21:34] 63 docs en attente…
[2026-06-30 09:21:34]   → fa200745 Squat et écriture
[2026-06-30 09:21:37] 63 docs en attente…
[2026-06-30 09:21:37]   → fa200745 Squat et écriture
[2026-06-30 09:21:39] 63 docs en attente…
[2026-06-30 09:21:39]   → fa200745 Squat et écriture
[2026-06-30 09:21:40] 63 docs en attente…
[2026-06-30 09:21:40]   → fa200745 Squat et écriture
[2026-06-30 09:21:42] 63 docs en attente…
[2026-06-30 09:21:42]   → fa200745 Squat et écriture
[2026-06-30 09:21:43] 63 docs en attente…
[2026-06-30 09:21:43]   → fa200745 Squat et écriture
[2026-06-30 09:21:45] 63 docs en attente…
[2026-06-30 09:21:45]   → fa200745 Squat et écriture
[2026-06-30 09:21:46] 63 docs en attente…
[2026-06-30 09:21:46]   → fa200745 Squat et écriture
[2026-06-30 09:21:47] 63 docs en attente…
[2026-06-30 09:21:47]   → fa200745 Squat et écriture
[2026-06-30 09:21:49] 63 docs en attente…
[2026-06-30 09:21:49]   → fa200745 Squat et écriture
[2026-06-30 09:21:50] 63 docs en attente…
[2026-06-30 09:21:50]   → fa200745 Squat et écriture
[2026-06-30 09:21:51] 63 docs en attente…
[2026-06-30 09:21:51]   → fa200745 Squat et écriture
[2026-06-30 09:21:53] 63 docs en attente…
[2026-06-30 09:21:53]   → fa200745 Squat et écriture
[2026-06-30 09:21:54] 63 docs en attente…
[2026-06-30 09:21:54]   → fa200745 Squat et écriture
[2026-06-30 09:21:55] 63 docs en attente…
[2026-06-30 09:21:55]   → fa200745 Squat et écriture
[2026-06-30 09:21:57] 63 docs en attente…
[2026-06-30 09:21:57]   → fa200745 Squat et écriture
[2026-06-30 09:21:58] 63 docs en attente…
[2026-06-30 09:21:58]   → fa200745 Squat et écriture
[2026-06-30 09:22:00] 63 docs en attente…
[2026-06-30 09:22:00]   → fa200745 Squat et écriture
[2026-06-30 09:22:01] 63 docs en attente…
[2026-06-30 09:22:01]   → fa200745 Squat et écriture
[2026-06-30 09:22:02] 63 docs en attente…
[2026-06-30 09:22:02]   → fa200745 Squat et écriture
[2026-06-30 09:22:04] 63 docs en attente…
[2026-06-30 09:22:04]   → fa200745 Squat et écriture
[2026-06-30 09:22:05] 63 docs en attente…
[2026-06-30 09:22:05]   → fa200745 Squat et écriture
[2026-06-30 09:22:06] 63 docs en attente…
[2026-06-30 09:22:06]   → fa200745 Squat et écriture
[2026-06-30 09:22:08] 63 docs en attente…
[2026-06-30 09:22:08]   → fa200745 Squat et écriture
[2026-06-30 09:22:09] 63 docs en attente…
[2026-06-30 09:22:09]   → fa200745 Squat et écriture
[2026-06-30 09:22:10] 63 docs en attente…
[2026-06-30 09:22:10]   → fa200745 Squat et écriture
[2026-06-30 09:22:12] 63 docs en attente…
[2026-06-30 09:22:12]   → fa200745 Squat et écriture
[2026-06-30 09:22:13] 63 docs en attente…
[2026-06-30 09:22:13]   → fa200745 Squat et écriture
[2026-06-30 09:22:15] 63 docs en attente…
[2026-06-30 09:22:15]   → fa200745 Squat et écriture
[2026-06-30 09:22:16] 63 docs en attente…
[2026-06-30 09:22:16]   → fa200745 Squat et écriture
[2026-06-30 09:22:17] 63 docs en attente…
[2026-06-30 09:22:17]   → fa200745 Squat et écriture
[2026-06-30 09:22:19] 63 docs en attente…
[2026-06-30 09:22:19]   → fa200745 Squat et écriture
[2026-06-30 09:22:20] 63 docs en attente…
[2026-06-30 09:22:20]   → fa200745 Squat et écriture
[2026-06-30 09:22:21] 63 docs en attente…
[2026-06-30 09:22:21]   → fa200745 Squat et écriture
[2026-06-30 09:22:23] 63 docs en attente…
[2026-06-30 09:22:23]   → fa200745 Squat et écriture
[2026-06-30 09:22:24] 63 docs en attente…
[2026-06-30 09:22:24]   → fa200745 Squat et écriture
[2026-06-30 09:22:25] 63 docs en attente…
[2026-06-30 09:22:26]   → fa200745 Squat et écriture
[2026-06-30 09:22:27] 63 docs en attente…
[2026-06-30 09:22:27]   → fa200745 Squat et écriture
[2026-06-30 09:22:30] 63 docs en attente…
[2026-06-30 09:22:30]   → fa200745 Squat et écriture
[2026-06-30 09:22:31] 63 docs en attente…
[2026-06-30 09:22:31]   → fa200745 Squat et écriture
[2026-06-30 09:22:32] 63 docs en attente…
[2026-06-30 09:22:32]   → fa200745 Squat et écriture
[2026-06-30 09:22:34] 63 docs en attente…
[2026-06-30 09:22:34]   → fa200745 Squat et écriture
[2026-06-30 09:22:35] 63 docs en attente…
[2026-06-30 09:22:35]   → fa200745 Squat et écriture
[2026-06-30 09:22:36] 63 docs en attente…
[2026-06-30 09:22:36]   → fa200745 Squat et écriture
[2026-06-30 09:22:38] 63 docs en attente…
[2026-06-30 09:22:38]   → fa200745 Squat et écriture
[2026-06-30 09:22:39] 63 docs en attente…
[2026-06-30 09:22:39]   → fa200745 Squat et écriture
[2026-06-30 09:22:40] 63 docs en attente…
[2026-06-30 09:22:40]   → fa200745 Squat et écriture
[2026-06-30 09:22:42] 63 docs en attente…
[2026-06-30 09:22:42]   → fa200745 Squat et écriture
[2026-06-30 09:22:43] 63 docs en attente…
[2026-06-30 09:22:43]   → fa200745 Squat et écriture
[2026-06-30 09:22:45] 63 docs en attente…
[2026-06-30 09:22:45]   → fa200745 Squat et écriture
[2026-06-30 09:22:46] 63 docs en attente…
[2026-06-30 09:22:46]   → fa200745 Squat et écriture
[2026-06-30 09:22:47] 63 docs en attente…
[2026-06-30 09:22:47]   → fa200745 Squat et écriture
[2026-06-30 09:22:49] 63 docs en attente…
[2026-06-30 09:22:49]   → fa200745 Squat et écriture
[2026-06-30 09:22:50] 63 docs en attente…
[2026-06-30 09:22:50]   → fa200745 Squat et écriture
[2026-06-30 09:22:51] 63 docs en attente…
[2026-06-30 09:22:51]   → fa200745 Squat et écriture
[2026-06-30 09:22:53] 63 docs en attente…
[2026-06-30 09:22:53]   → fa200745 Squat et écriture
[2026-06-30 09:22:54] 63 docs en attente…
[2026-06-30 09:22:54]   → fa200745 Squat et écriture
[2026-06-30 09:22:55] 63 docs en attente…
[2026-06-30 09:22:55]   → fa200745 Squat et écriture
[2026-06-30 09:22:56] 63 docs en attente…
[2026-06-30 09:22:56]   → fa200745 Squat et écriture
[2026-06-30 09:22:58] 63 docs en attente…
[2026-06-30 09:22:58]   → fa200745 Squat et écriture
[2026-06-30 09:23:00] 63 docs en attente…
[2026-06-30 09:23:00]   → fa200745 Squat et écriture
[2026-06-30 09:23:01] 63 docs en attente…
[2026-06-30 09:23:01]   → fa200745 Squat et écriture
[2026-06-30 09:23:03] 63 docs en attente…
[2026-06-30 09:23:03]   → fa200745 Squat et écriture
[2026-06-30 09:23:04] 63 docs en attente…
[2026-06-30 09:23:04]   → fa200745 Squat et écriture
[2026-06-30 09:23:05] 63 docs en attente…
[2026-06-30 09:23:05]   → fa200745 Squat et écriture
[2026-06-30 09:23:06] 63 docs en attente…
[2026-06-30 09:23:06]   → fa200745 Squat et écriture
[2026-06-30 09:23:08] 63 docs en attente…
[2026-06-30 09:23:08]   → fa200745 Squat et écriture
[2026-06-30 09:23:09] 63 docs en attente…
[2026-06-30 09:23:09]   → fa200745 Squat et écriture
[2026-06-30 09:23:10] 63 docs en attente…
[2026-06-30 09:23:10]   → fa200745 Squat et écriture
[2026-06-30 09:23:12] 63 docs en attente…
[2026-06-30 09:23:12]   → fa200745 Squat et écriture
[2026-06-30 09:23:13] 63 docs en attente…
[2026-06-30 09:23:13]   → fa200745 Squat et écriture
[2026-06-30 09:23:14] 63 docs en attente…
[2026-06-30 09:23:14]   → fa200745 Squat et écriture
[2026-06-30 09:23:16] 63 docs en attente…
[2026-06-30 09:23:16]   → fa200745 Squat et écriture
[2026-06-30 09:23:17] 63 docs en attente…
[2026-06-30 09:23:17]   → fa200745 Squat et écriture
[2026-06-30 09:23:18] 63 docs en attente…
[2026-06-30 09:23:18]   → fa200745 Squat et écriture
[2026-06-30 09:23:19] 63 docs en attente…
[2026-06-30 09:23:19]   → fa200745 Squat et écriture
[2026-06-30 09:23:21] 63 docs en attente…
[2026-06-30 09:23:21]   → fa200745 Squat et écriture
[2026-06-30 09:23:22] 63 docs en attente…
[2026-06-30 09:23:22]   → fa200745 Squat et écriture
[2026-06-30 09:23:24] 63 docs en attente…
[2026-06-30 09:23:24]   → fa200745 Squat et écriture
[2026-06-30 09:23:25] 63 docs en attente…
[2026-06-30 09:23:25]   → fa200745 Squat et écriture
[2026-06-30 09:23:27] 63 docs en attente…
[2026-06-30 09:23:27]   → fa200745 Squat et écriture
[2026-06-30 09:23:28] 63 docs en attente…
[2026-06-30 09:23:28]   → fa200745 Squat et écriture
[2026-06-30 09:23:29] 63 docs en attente…
[2026-06-30 09:23:29]   → fa200745 Squat et écriture
[2026-06-30 09:23:31] 63 docs en attente…
[2026-06-30 09:23:31]   → fa200745 Squat et écriture
[2026-06-30 09:23:32] 63 docs en attente…
[2026-06-30 09:23:32]   → fa200745 Squat et écriture
[2026-06-30 09:23:33] 63 docs en attente…
[2026-06-30 09:23:33]   → fa200745 Squat et écriture
[2026-06-30 09:23:34] 63 docs en attente…
[2026-06-30 09:23:35]   → fa200745 Squat et écriture
[2026-06-30 09:23:36] 63 docs en attente…
[2026-06-30 09:23:36]   → fa200745 Squat et écriture
[2026-06-30 09:23:37] 63 docs en attente…
[2026-06-30 09:23:37]   → fa200745 Squat et écriture
[2026-06-30 09:23:38] 63 docs en attente…
[2026-06-30 09:23:38]   → fa200745 Squat et écriture
[2026-06-30 09:23:40] 63 docs en attente…
[2026-06-30 09:23:40]   → fa200745 Squat et écriture
[2026-06-30 09:23:41] 63 docs en attente…
[2026-06-30 09:23:41]   → fa200745 Squat et écriture
[2026-06-30 09:23:43] 63 docs en attente…
[2026-06-30 09:23:43]   → fa200745 Squat et écriture
[2026-06-30 09:23:44] 63 docs en attente…
[2026-06-30 09:23:44]   → fa200745 Squat et écriture
[2026-06-30 09:23:46] 63 docs en attente…
[2026-06-30 09:23:46]   → fa200745 Squat et écriture
[2026-06-30 09:23:47] 63 docs en attente…
[2026-06-30 09:23:47]   → fa200745 Squat et écriture
[2026-06-30 09:23:49] 63 docs en attente…
[2026-06-30 09:23:49]   → fa200745 Squat et écriture
[2026-06-30 09:23:50] 63 docs en attente…
[2026-06-30 09:23:50]   → fa200745 Squat et écriture
[2026-06-30 09:23:52] 63 docs en attente…
[2026-06-30 09:23:52]   → fa200745 Squat et écriture
[2026-06-30 09:23:53] 63 docs en attente…
[2026-06-30 09:23:53]   → fa200745 Squat et écriture
[2026-06-30 09:23:55] 63 docs en attente…
[2026-06-30 09:23:55]   → fa200745 Squat et écriture
[2026-06-30 09:23:56] 63 docs en attente…
[2026-06-30 09:23:56]   → fa200745 Squat et écriture
[2026-06-30 09:23:57] 63 docs en attente…
[2026-06-30 09:23:57]   → fa200745 Squat et écriture
[2026-06-30 09:23:58] 63 docs en attente…
[2026-06-30 09:23:58]   → fa200745 Squat et écriture
[2026-06-30 09:24:00] 63 docs en attente…
[2026-06-30 09:24:00]   → fa200745 Squat et écriture
[2026-06-30 09:24:01] 63 docs en attente…
[2026-06-30 09:24:01]   → fa200745 Squat et écriture
[2026-06-30 09:24:02] 63 docs en attente…
[2026-06-30 09:24:02]   → fa200745 Squat et écriture
[2026-06-30 09:24:04] 63 docs en attente…
[2026-06-30 09:24:04]   → fa200745 Squat et écriture
[2026-06-30 09:24:05] 63 docs en attente…
[2026-06-30 09:24:05]   → fa200745 Squat et écriture
[2026-06-30 09:24:06] 63 docs en attente…
[2026-06-30 09:24:06]   → fa200745 Squat et écriture
[2026-06-30 09:24:07] 63 docs en attente…
[2026-06-30 09:24:08]   → fa200745 Squat et écriture
[2026-06-30 09:24:09] 63 docs en attente…
[2026-06-30 09:24:09]   → fa200745 Squat et écriture
[2026-06-30 09:24:10] 63 docs en attente…
[2026-06-30 09:24:10]   → fa200745 Squat et écriture
[2026-06-30 09:24:11] 63 docs en attente…
[2026-06-30 09:24:11]   → fa200745 Squat et écriture
[2026-06-30 09:24:13] 63 docs en attente…
[2026-06-30 09:24:13]   → fa200745 Squat et écriture
[2026-06-30 09:24:14] 63 docs en attente…
[2026-06-30 09:24:14]   → fa200745 Squat et écriture
[2026-06-30 09:24:15] 63 docs en attente…
[2026-06-30 09:24:15]   → fa200745 Squat et écriture
[2026-06-30 09:24:17] 63 docs en attente…
[2026-06-30 09:24:17]   → fa200745 Squat et écriture
[2026-06-30 09:24:18] 63 docs en attente…
[2026-06-30 09:24:18]   → fa200745 Squat et écriture
[2026-06-30 09:24:19] 63 docs en attente…
[2026-06-30 09:24:19]   → fa200745 Squat et écriture
[2026-06-30 09:24:20] 63 docs en attente…
[2026-06-30 09:24:21]   → fa200745 Squat et écriture
[2026-06-30 09:24:22] 63 docs en attente…
[2026-06-30 09:24:22]   → fa200745 Squat et écriture
[2026-06-30 09:24:23] 63 docs en attente…
[2026-06-30 09:24:23]   → fa200745 Squat et écriture
[2026-06-30 09:24:24] 63 docs en attente…
[2026-06-30 09:24:24]   → fa200745 Squat et écriture
[2026-06-30 09:24:26] 63 docs en attente…
[2026-06-30 09:24:26]   → fa200745 Squat et écriture
[2026-06-30 09:24:27] 63 docs en attente…
[2026-06-30 09:24:27]   → fa200745 Squat et écriture
[2026-06-30 09:24:28] 63 docs en attente…
[2026-06-30 09:24:28]   → fa200745 Squat et écriture
[2026-06-30 09:24:30] 63 docs en attente…
[2026-06-30 09:24:30]   → fa200745 Squat et écriture
[2026-06-30 09:24:31] 63 docs en attente…
[2026-06-30 09:24:31]   → fa200745 Squat et écriture
[2026-06-30 09:24:33] 63 docs en attente…
[2026-06-30 09:24:33]   → fa200745 Squat et écriture
[2026-06-30 09:24:34] 63 docs en attente…
[2026-06-30 09:24:34]   → fa200745 Squat et écriture
[2026-06-30 09:24:35] 63 docs en attente…
[2026-06-30 09:24:35]   → fa200745 Squat et écriture
[2026-06-30 09:24:37] 63 docs en attente…
[2026-06-30 09:24:37]   → fa200745 Squat et écriture
[2026-06-30 09:24:38] 63 docs en attente…
[2026-06-30 09:24:38]   → fa200745 Squat et écriture
[2026-06-30 09:24:39] 63 docs en attente…
[2026-06-30 09:24:39]   → fa200745 Squat et écriture
[2026-06-30 09:24:41] 63 docs en attente…
[2026-06-30 09:24:41]   → fa200745 Squat et écriture
[2026-06-30 09:24:42] 63 docs en attente…
[2026-06-30 09:24:42]   → fa200745 Squat et écriture
[2026-06-30 09:24:44] 63 docs en attente…
[2026-06-30 09:24:44]   → fa200745 Squat et écriture
[2026-06-30 09:24:45] 63 docs en attente…
[2026-06-30 09:24:45]   → fa200745 Squat et écriture
[2026-06-30 09:24:46] 63 docs en attente…
[2026-06-30 09:24:46]   → fa200745 Squat et écriture
[2026-06-30 09:24:48] 63 docs en attente…
[2026-06-30 09:24:48]   → fa200745 Squat et écriture
[2026-06-30 09:24:49] 63 docs en attente…
[2026-06-30 09:24:49]   → fa200745 Squat et écriture
[2026-06-30 09:24:50] 63 docs en attente…
[2026-06-30 09:24:50]   → fa200745 Squat et écriture
[2026-06-30 09:24:52] 63 docs en attente…
[2026-06-30 09:24:52]   → fa200745 Squat et écriture
[2026-06-30 09:24:53] 63 docs en attente…
[2026-06-30 09:24:53]   → fa200745 Squat et écriture
[2026-06-30 09:24:55] 63 docs en attente…
[2026-06-30 09:24:55]   → fa200745 Squat et écriture
[2026-06-30 09:24:56] 63 docs en attente…
[2026-06-30 09:24:56]   → fa200745 Squat et écriture
[2026-06-30 09:24:57] 63 docs en attente…
[2026-06-30 09:24:57]   → fa200745 Squat et écriture
[2026-06-30 09:24:59] 63 docs en attente…
[2026-06-30 09:24:59]   → fa200745 Squat et écriture
[2026-06-30 09:25:00] 63 docs en attente…
[2026-06-30 09:25:00]   → fa200745 Squat et écriture
[2026-06-30 09:25:01] 63 docs en attente…
[2026-06-30 09:25:01]   → fa200745 Squat et écriture
[2026-06-30 09:25:03] 63 docs en attente…
[2026-06-30 09:25:03]   → fa200745 Squat et écriture
[2026-06-30 09:25:04] 63 docs en attente…
[2026-06-30 09:25:04]   → fa200745 Squat et écriture
[2026-06-30 09:25:05] 63 docs en attente…
[2026-06-30 09:25:06]   → fa200745 Squat et écriture
[2026-06-30 09:25:07] 63 docs en attente…
[2026-06-30 09:25:07]   → fa200745 Squat et écriture
[2026-06-30 09:25:09] 63 docs en attente…
[2026-06-30 09:25:09]   → fa200745 Squat et écriture
[2026-06-30 09:25:10] 63 docs en attente…
[2026-06-30 09:25:10]   → fa200745 Squat et écriture
[2026-06-30 09:25:12] 63 docs en attente…
[2026-06-30 09:25:12]   → fa200745 Squat et écriture
[2026-06-30 09:25:13] 63 docs en attente…
[2026-06-30 09:25:13]   → fa200745 Squat et écriture
[2026-06-30 09:25:14] 63 docs en attente…
[2026-06-30 09:25:14]   → fa200745 Squat et écriture
[2026-06-30 09:25:16] 63 docs en attente…
[2026-06-30 09:25:16]   → fa200745 Squat et écriture
[2026-06-30 09:25:17] 63 docs en attente…
[2026-06-30 09:25:17]   → fa200745 Squat et écriture
[2026-06-30 09:25:18] 63 docs en attente…
[2026-06-30 09:25:18]   → fa200745 Squat et écriture
[2026-06-30 09:25:20] 63 docs en attente…
[2026-06-30 09:25:20]   → fa200745 Squat et écriture
[2026-06-30 09:25:21] 63 docs en attente…
[2026-06-30 09:25:21]   → fa200745 Squat et écriture
[2026-06-30 09:25:22] 63 docs en attente…
[2026-06-30 09:25:22]   → fa200745 Squat et écriture
[2026-06-30 09:25:23] 63 docs en attente…
[2026-06-30 09:25:24]   → fa200745 Squat et écriture
[2026-06-30 09:25:25] 63 docs en attente…
[2026-06-30 09:25:25]   → fa200745 Squat et écriture
[2026-06-30 09:25:27] 63 docs en attente…
[2026-06-30 09:25:27]   → fa200745 Squat et écriture
[2026-06-30 09:25:28] 63 docs en attente…
[2026-06-30 09:25:28]   → fa200745 Squat et écriture
[2026-06-30 09:25:29] 63 docs en attente…
[2026-06-30 09:25:29]   → fa200745 Squat et écriture
[2026-06-30 09:25:31] 63 docs en attente…
[2026-06-30 09:25:31]   → fa200745 Squat et écriture
[2026-06-30 09:25:32] 63 docs en attente…
[2026-06-30 09:25:32]   → fa200745 Squat et écriture
[2026-06-30 09:25:34] 63 docs en attente…
[2026-06-30 09:25:34]   → fa200745 Squat et écriture
[2026-06-30 09:25:35] 63 docs en attente…
[2026-06-30 09:25:35]   → fa200745 Squat et écriture
[2026-06-30 09:25:36] 63 docs en attente…
[2026-06-30 09:25:36]   → fa200745 Squat et écriture
[2026-06-30 09:25:38] 63 docs en attente…
[2026-06-30 09:25:38]   → fa200745 Squat et écriture
[2026-06-30 09:25:39] 63 docs en attente…
[2026-06-30 09:25:39]   → fa200745 Squat et écriture
[2026-06-30 09:25:40] 63 docs en attente…
[2026-06-30 09:25:40]   → fa200745 Squat et écriture
[2026-06-30 09:25:42] 63 docs en attente…
[2026-06-30 09:25:42]   → fa200745 Squat et écriture
[2026-06-30 09:25:43] 63 docs en attente…
[2026-06-30 09:25:43]   → fa200745 Squat et écriture
[2026-06-30 09:25:45] 63 docs en attente…
[2026-06-30 09:25:45]   → fa200745 Squat et écriture
[2026-06-30 09:25:46] 63 docs en attente…
[2026-06-30 09:25:46]   → fa200745 Squat et écriture
[2026-06-30 09:25:47] 63 docs en attente…
[2026-06-30 09:25:48]   → fa200745 Squat et écriture
[2026-06-30 09:25:49] 63 docs en attente…
[2026-06-30 09:25:49]   → fa200745 Squat et écriture
[2026-06-30 09:25:51] 63 docs en attente…
[2026-06-30 09:25:51]   → fa200745 Squat et écriture
[2026-06-30 09:25:52] 63 docs en attente…
[2026-06-30 09:25:52]   → fa200745 Squat et écriture
[2026-06-30 09:25:53] 63 docs en attente…
[2026-06-30 09:25:53]   → fa200745 Squat et écriture
[2026-06-30 09:25:55] 63 docs en attente…
[2026-06-30 09:25:55]   → fa200745 Squat et écriture
[2026-06-30 09:25:57] 63 docs en attente…
[2026-06-30 09:25:57]   → fa200745 Squat et écriture
[2026-06-30 09:25:58] 63 docs en attente…
[2026-06-30 09:25:58]   → fa200745 Squat et écriture
[2026-06-30 09:25:59] 63 docs en attente…
[2026-06-30 09:25:59]   → fa200745 Squat et écriture
[2026-06-30 09:26:00] 63 docs en attente…
[2026-06-30 09:26:00]   → fa200745 Squat et écriture
[2026-06-30 09:26:02] 63 docs en attente…
[2026-06-30 09:26:02]   → fa200745 Squat et écriture
[2026-06-30 09:26:03] 63 docs en attente…
[2026-06-30 09:26:03]   → fa200745 Squat et écriture
[2026-06-30 09:26:04] 63 docs en attente…
[2026-06-30 09:26:04]   → fa200745 Squat et écriture
[2026-06-30 09:26:06] 63 docs en attente…
[2026-06-30 09:26:06]   → fa200745 Squat et écriture
[2026-06-30 09:26:07] 63 docs en attente…
[2026-06-30 09:26:07]   → fa200745 Squat et écriture
[2026-06-30 09:26:09] 63 docs en attente…
[2026-06-30 09:26:09]   → fa200745 Squat et écriture
[2026-06-30 09:26:10] 63 docs en attente…
[2026-06-30 09:26:10]   → fa200745 Squat et écriture
[2026-06-30 09:26:12] 63 docs en attente…
[2026-06-30 09:26:12]   → fa200745 Squat et écriture
[2026-06-30 09:26:13] 63 docs en attente…
[2026-06-30 09:26:13]   → fa200745 Squat et écriture
[2026-06-30 09:26:14] 63 docs en attente…
[2026-06-30 09:26:14]   → fa200745 Squat et écriture
[2026-06-30 09:26:16] 63 docs en attente…
[2026-06-30 09:26:16]   → fa200745 Squat et écriture
[2026-06-30 09:26:17] 63 docs en attente…
[2026-06-30 09:26:17]   → fa200745 Squat et écriture
[2026-06-30 09:26:18] 63 docs en attente…
[2026-06-30 09:26:18]   → fa200745 Squat et écriture
[2026-06-30 09:26:19] 63 docs en attente…
[2026-06-30 09:26:19]   → fa200745 Squat et écriture
[2026-06-30 09:26:21] 63 docs en attente…
[2026-06-30 09:26:21]   → fa200745 Squat et écriture
[2026-06-30 09:26:22] 63 docs en attente…
[2026-06-30 09:26:22]   → fa200745 Squat et écriture
[2026-06-30 09:26:23] 63 docs en attente…
[2026-06-30 09:26:23]   → fa200745 Squat et écriture
[2026-06-30 09:26:25] 63 docs en attente…
[2026-06-30 09:26:25]   → fa200745 Squat et écriture
[2026-06-30 09:26:26] 63 docs en attente…
[2026-06-30 09:26:26]   → fa200745 Squat et écriture
[2026-06-30 09:26:27] 63 docs en attente…
[2026-06-30 09:26:27]   → fa200745 Squat et écriture
[2026-06-30 09:26:28] 63 docs en attente…
[2026-06-30 09:26:28]   → fa200745 Squat et écriture
[2026-06-30 09:26:30] 63 docs en attente…
[2026-06-30 09:26:30]   → fa200745 Squat et écriture
[2026-06-30 09:26:31] 63 docs en attente…
[2026-06-30 09:26:31]   → fa200745 Squat et écriture
[2026-06-30 09:26:32] 63 docs en attente…
[2026-06-30 09:26:32]   → fa200745 Squat et écriture
[2026-06-30 09:26:34] 63 docs en attente…
[2026-06-30 09:26:34]   → fa200745 Squat et écriture
[2026-06-30 09:26:35] 63 docs en attente…
[2026-06-30 09:26:35]   → fa200745 Squat et écriture
[2026-06-30 09:26:36] 63 docs en attente…
[2026-06-30 09:26:36]   → fa200745 Squat et écriture
[2026-06-30 09:26:38] 63 docs en attente…
[2026-06-30 09:26:38]   → fa200745 Squat et écriture
[2026-06-30 09:26:39] 63 docs en attente…
[2026-06-30 09:26:39]   → fa200745 Squat et écriture
[2026-06-30 09:26:40] 63 docs en attente…
[2026-06-30 09:26:40]   → fa200745 Squat et écriture
[2026-06-30 09:26:42] 63 docs en attente…
[2026-06-30 09:26:42]   → fa200745 Squat et écriture
[2026-06-30 09:26:43] 63 docs en attente…
[2026-06-30 09:26:43]   → fa200745 Squat et écriture
[2026-06-30 09:26:44] 63 docs en attente…
[2026-06-30 09:26:44]   → fa200745 Squat et écriture
[2026-06-30 09:26:45] 63 docs en attente…
[2026-06-30 09:26:45]   → fa200745 Squat et écriture
[2026-06-30 09:26:47] 63 docs en attente…
[2026-06-30 09:26:47]   → fa200745 Squat et écriture
[2026-06-30 09:26:48] 63 docs en attente…
[2026-06-30 09:26:48]   → fa200745 Squat et écriture
[2026-06-30 09:26:49] 63 docs en attente…
[2026-06-30 09:26:49]   → fa200745 Squat et écriture
[2026-06-30 09:26:51] 63 docs en attente…
[2026-06-30 09:26:51]   → fa200745 Squat et écriture
[2026-06-30 09:26:52] 63 docs en attente…
[2026-06-30 09:26:52]   → fa200745 Squat et écriture
[2026-06-30 09:26:53] 63 docs en attente…
[2026-06-30 09:26:53]   → fa200745 Squat et écriture
[2026-06-30 09:26:55] 63 docs en attente…
[2026-06-30 09:26:55]   → fa200745 Squat et écriture
[2026-06-30 09:26:56] 63 docs en attente…
[2026-06-30 09:26:56]   → fa200745 Squat et écriture
[2026-06-30 09:26:57] 63 docs en attente…
[2026-06-30 09:26:57]   → fa200745 Squat et écriture
[2026-06-30 09:26:58] 63 docs en attente…
[2026-06-30 09:26:58]   → fa200745 Squat et écriture
[2026-06-30 09:27:00] 63 docs en attente…
[2026-06-30 09:27:00]   → fa200745 Squat et écriture
[2026-06-30 09:27:01] 63 docs en attente…
[2026-06-30 09:27:01]   → fa200745 Squat et écriture
[2026-06-30 09:27:02] 63 docs en attente…
[2026-06-30 09:27:02]   → fa200745 Squat et écriture
[2026-06-30 09:27:04] 63 docs en attente…
[2026-06-30 09:27:04]   → fa200745 Squat et écriture
[2026-06-30 09:27:05] 63 docs en attente…
[2026-06-30 09:27:05]   → fa200745 Squat et écriture
[2026-06-30 09:27:06] 63 docs en attente…
[2026-06-30 09:27:06]   → fa200745 Squat et écriture
[2026-06-30 09:27:08] 63 docs en attente…
[2026-06-30 09:27:08]   → fa200745 Squat et écriture
[2026-06-30 09:27:09] 63 docs en attente…
[2026-06-30 09:27:09]   → fa200745 Squat et écriture
[2026-06-30 09:27:10] 63 docs en attente…
[2026-06-30 09:27:10]   → fa200745 Squat et écriture
[2026-06-30 09:27:11] 63 docs en attente…
[2026-06-30 09:27:12]   → fa200745 Squat et écriture
[2026-06-30 09:27:13] 63 docs en attente…
[2026-06-30 09:27:13]   → fa200745 Squat et écriture
[2026-06-30 09:27:14] 63 docs en attente…
[2026-06-30 09:27:14]   → fa200745 Squat et écriture
[2026-06-30 09:27:15] 63 docs en attente…
[2026-06-30 09:27:15]   → fa200745 Squat et écriture
[2026-06-30 09:27:17] 63 docs en attente…
[2026-06-30 09:27:17]   → fa200745 Squat et écriture
[2026-06-30 09:27:18] 63 docs en attente…
[2026-06-30 09:27:18]   → fa200745 Squat et écriture
[2026-06-30 09:27:19] 63 docs en attente…
[2026-06-30 09:27:19]   → fa200745 Squat et écriture
[2026-06-30 09:27:21] 63 docs en attente…
[2026-06-30 09:27:21]   → fa200745 Squat et écriture
[2026-06-30 09:27:22] 63 docs en attente…
[2026-06-30 09:27:22]   → fa200745 Squat et écriture
[2026-06-30 09:27:23] 63 docs en attente…
[2026-06-30 09:27:23]   → fa200745 Squat et écriture
[2026-06-30 09:27:25] 63 docs en attente…
[2026-06-30 09:27:25]   → fa200745 Squat et écriture
[2026-06-30 09:27:26] 63 docs en attente…
[2026-06-30 09:27:26]   → fa200745 Squat et écriture
[2026-06-30 09:27:27] 63 docs en attente…
[2026-06-30 09:27:27]   → fa200745 Squat et écriture
[2026-06-30 09:27:28] 63 docs en attente…
[2026-06-30 09:27:28]   → fa200745 Squat et écriture
[2026-06-30 09:27:30] 63 docs en attente…
[2026-06-30 09:27:30]   → fa200745 Squat et écriture
[2026-06-30 09:27:31] 63 docs en attente…
[2026-06-30 09:27:31]   → fa200745 Squat et écriture
[2026-06-30 09:27:33] 63 docs en attente…
[2026-06-30 09:27:33]   → fa200745 Squat et écriture
[2026-06-30 09:27:34] 63 docs en attente…
[2026-06-30 09:27:34]   → fa200745 Squat et écriture
[2026-06-30 09:27:36] 63 docs en attente…
[2026-06-30 09:27:36]   → fa200745 Squat et écriture
[2026-06-30 09:27:37] 63 docs en attente…
[2026-06-30 09:27:37]   → fa200745 Squat et écriture
[2026-06-30 09:27:38] 63 docs en attente…
[2026-06-30 09:27:38]   → fa200745 Squat et écriture
[2026-06-30 09:27:40] 63 docs en attente…
[2026-06-30 09:27:40]   → fa200745 Squat et écriture
[2026-06-30 09:27:41] 63 docs en attente…
[2026-06-30 09:27:41]   → fa200745 Squat et écriture
[2026-06-30 09:27:43] 63 docs en attente…
[2026-06-30 09:27:43]   → fa200745 Squat et écriture
[2026-06-30 09:27:44] 63 docs en attente…
[2026-06-30 09:27:44]   → fa200745 Squat et écriture
[2026-06-30 09:27:45] 63 docs en attente…
[2026-06-30 09:27:45]   → fa200745 Squat et écriture
[2026-06-30 09:27:46] 63 docs en attente…
[2026-06-30 09:27:47]   → fa200745 Squat et écriture
[2026-06-30 09:27:48] 63 docs en attente…
[2026-06-30 09:27:48]   → fa200745 Squat et écriture
[2026-06-30 09:27:49] 63 docs en attente…
[2026-06-30 09:27:49]   → fa200745 Squat et écriture
[2026-06-30 09:27:50] 63 docs en attente…
[2026-06-30 09:27:50]   → fa200745 Squat et écriture
[2026-06-30 09:27:52] 63 docs en attente…
[2026-06-30 09:27:52]   → fa200745 Squat et écriture
[2026-06-30 09:27:53] 63 docs en attente…
[2026-06-30 09:27:53]   → fa200745 Squat et écriture
[2026-06-30 09:27:54] 63 docs en attente…
[2026-06-30 09:27:54]   → fa200745 Squat et écriture
[2026-06-30 09:27:56] 63 docs en attente…
[2026-06-30 09:27:56]   → fa200745 Squat et écriture
[2026-06-30 09:27:57] 63 docs en attente…
[2026-06-30 09:27:57]   → fa200745 Squat et écriture
[2026-06-30 09:27:58] 63 docs en attente…
[2026-06-30 09:27:58]   → fa200745 Squat et écriture
[2026-06-30 09:27:59] 63 docs en attente…
[2026-06-30 09:28:00]   → fa200745 Squat et écriture
[2026-06-30 09:28:01] 63 docs en attente…
[2026-06-30 09:28:01]   → fa200745 Squat et écriture
[2026-06-30 09:28:02] 63 docs en attente…
[2026-06-30 09:28:02]   → fa200745 Squat et écriture
[2026-06-30 09:28:03] 63 docs en attente…
[2026-06-30 09:28:03]   → fa200745 Squat et écriture
[2026-06-30 09:28:05] 63 docs en attente…
[2026-06-30 09:28:05]   → fa200745 Squat et écriture
[2026-06-30 09:28:06] 63 docs en attente…
[2026-06-30 09:28:06]   → fa200745 Squat et écriture
[2026-06-30 09:28:07] 63 docs en attente…
[2026-06-30 09:28:07]   → fa200745 Squat et écriture
[2026-06-30 09:28:09] 63 docs en attente…
[2026-06-30 09:28:09]   → fa200745 Squat et écriture
[2026-06-30 09:28:10] 63 docs en attente…
[2026-06-30 09:28:10]   → fa200745 Squat et écriture
[2026-06-30 09:28:11] 63 docs en attente…
[2026-06-30 09:28:11]   → fa200745 Squat et écriture
[2026-06-30 09:28:12] 63 docs en attente…
[2026-06-30 09:28:13]   → fa200745 Squat et écriture
[2026-06-30 09:28:14] 63 docs en attente…
[2026-06-30 09:28:14]   → fa200745 Squat et écriture
[2026-06-30 09:28:15] 63 docs en attente…
[2026-06-30 09:28:15]   → fa200745 Squat et écriture
[2026-06-30 09:28:16] 63 docs en attente…
[2026-06-30 09:28:16]   → fa200745 Squat et écriture
[2026-06-30 09:28:18] 63 docs en attente…
[2026-06-30 09:28:18]   → fa200745 Squat et écriture
[2026-06-30 09:28:20] 63 docs en attente…
[2026-06-30 09:28:20]   → fa200745 Squat et écriture
[2026-06-30 09:28:21] 63 docs en attente…
[2026-06-30 09:28:21]   → fa200745 Squat et écriture
[2026-06-30 09:28:23] 63 docs en attente…
[2026-06-30 09:28:23]   → fa200745 Squat et écriture
[2026-06-30 09:28:24] 63 docs en attente…
[2026-06-30 09:28:24]   → fa200745 Squat et écriture
[2026-06-30 09:28:26] 63 docs en attente…
[2026-06-30 09:28:26]   → fa200745 Squat et écriture
[2026-06-30 09:28:27] 63 docs en attente…
[2026-06-30 09:28:27]   → fa200745 Squat et écriture
[2026-06-30 09:28:29] 63 docs en attente…
[2026-06-30 09:28:29]   → fa200745 Squat et écriture
[2026-06-30 09:28:30] 63 docs en attente…
[2026-06-30 09:28:30]   → fa200745 Squat et écriture
[2026-06-30 09:28:32] 63 docs en attente…
[2026-06-30 09:28:32]   → fa200745 Squat et écriture
[2026-06-30 09:28:33] 63 docs en attente…
[2026-06-30 09:28:33]   → fa200745 Squat et écriture
[2026-06-30 09:28:34] 63 docs en attente…
[2026-06-30 09:28:34]   → fa200745 Squat et écriture
[2026-06-30 09:28:36] 63 docs en attente…
[2026-06-30 09:28:36]   → fa200745 Squat et écriture
[2026-06-30 09:28:37] 63 docs en attente…
[2026-06-30 09:28:37]   → fa200745 Squat et écriture
[2026-06-30 09:28:39] 63 docs en attente…
[2026-06-30 09:28:39]   → fa200745 Squat et écriture
[2026-06-30 09:28:41] 63 docs en attente…
[2026-06-30 09:28:41]   → fa200745 Squat et écriture
[2026-06-30 09:28:43] 63 docs en attente…
[2026-06-30 09:28:43]   → fa200745 Squat et écriture
[2026-06-30 09:28:45] 63 docs en attente…
[2026-06-30 09:28:45]   → fa200745 Squat et écriture
[2026-06-30 09:28:46] 63 docs en attente…
[2026-06-30 09:28:46]   → fa200745 Squat et écriture
[2026-06-30 09:28:47] 63 docs en attente…
[2026-06-30 09:28:47]   → fa200745 Squat et écriture
[2026-06-30 09:28:49] 63 docs en attente…
[2026-06-30 09:28:49]   → fa200745 Squat et écriture
[2026-06-30 09:28:50] 63 docs en attente…
[2026-06-30 09:28:50]   → fa200745 Squat et écriture
[2026-06-30 09:28:52] 63 docs en attente…
[2026-06-30 09:28:52]   → fa200745 Squat et écriture
[2026-06-30 09:28:53] 63 docs en attente…
[2026-06-30 09:28:53]   → fa200745 Squat et écriture
[2026-06-30 09:28:54] 63 docs en attente…
[2026-06-30 09:28:54]   → fa200745 Squat et écriture
[2026-06-30 09:28:56] 63 docs en attente…
[2026-06-30 09:28:56]   → fa200745 Squat et écriture
[2026-06-30 09:28:57] 63 docs en attente…
[2026-06-30 09:28:57]   → fa200745 Squat et écriture
[2026-06-30 09:28:59] 63 docs en attente…
[2026-06-30 09:28:59]   → fa200745 Squat et écriture
[2026-06-30 09:29:00] 63 docs en attente…
[2026-06-30 09:29:00]   → fa200745 Squat et écriture
[2026-06-30 09:29:01] 63 docs en attente…
[2026-06-30 09:29:01]   → fa200745 Squat et écriture
[2026-06-30 09:29:03] 63 docs en attente…
[2026-06-30 09:29:03]   → fa200745 Squat et écriture
[2026-06-30 09:29:04] 63 docs en attente…
[2026-06-30 09:29:04]   → fa200745 Squat et écriture
[2026-06-30 09:29:06] 63 docs en attente…
[2026-06-30 09:29:06]   → fa200745 Squat et écriture
[2026-06-30 09:29:07] 63 docs en attente…
[2026-06-30 09:29:07]   → fa200745 Squat et écriture
[2026-06-30 09:29:09] 63 docs en attente…
[2026-06-30 09:29:09]   → fa200745 Squat et écriture
[2026-06-30 09:29:10] 63 docs en attente…
[2026-06-30 09:29:10]   → fa200745 Squat et écriture
[2026-06-30 09:29:12] 63 docs en attente…
[2026-06-30 09:29:12]   → fa200745 Squat et écriture
[2026-06-30 09:29:13] 63 docs en attente…
[2026-06-30 09:29:13]   → fa200745 Squat et écriture
[2026-06-30 09:29:14] 63 docs en attente…
[2026-06-30 09:29:14]   → fa200745 Squat et écriture
[2026-06-30 09:29:16] 63 docs en attente…
[2026-06-30 09:29:16]   → fa200745 Squat et écriture
[2026-06-30 09:29:17] 63 docs en attente…
[2026-06-30 09:29:17]   → fa200745 Squat et écriture
[2026-06-30 09:29:18] 63 docs en attente…
[2026-06-30 09:29:18]   → fa200745 Squat et écriture
[2026-06-30 09:29:20] 63 docs en attente…
[2026-06-30 09:29:20]   → fa200745 Squat et écriture
[2026-06-30 09:29:21] 63 docs en attente…
[2026-06-30 09:29:21]   → fa200745 Squat et écriture
[2026-06-30 09:29:22] 63 docs en attente…
[2026-06-30 09:29:22]   → fa200745 Squat et écriture
[2026-06-30 09:29:23] 63 docs en attente…
[2026-06-30 09:29:23]   → fa200745 Squat et écriture
[2026-06-30 09:29:25] 63 docs en attente…
[2026-06-30 09:29:25]   → fa200745 Squat et écriture
[2026-06-30 09:29:26] 63 docs en attente…
[2026-06-30 09:29:26]   → fa200745 Squat et écriture
[2026-06-30 09:29:27] 63 docs en attente…
[2026-06-30 09:29:27]   → fa200745 Squat et écriture
[2026-06-30 09:29:29] 63 docs en attente…
[2026-06-30 09:29:29]   → fa200745 Squat et écriture
[2026-06-30 09:29:30] 63 docs en attente…
[2026-06-30 09:29:30]   → fa200745 Squat et écriture
[2026-06-30 09:29:31] 63 docs en attente…
[2026-06-30 09:29:31]   → fa200745 Squat et écriture
[2026-06-30 09:29:33] 63 docs en attente…
[2026-06-30 09:29:33]   → fa200745 Squat et écriture
[2026-06-30 09:29:34] 63 docs en attente…
[2026-06-30 09:29:34]   → fa200745 Squat et écriture
[2026-06-30 09:29:35] 63 docs en attente…
[2026-06-30 09:29:35]   → fa200745 Squat et écriture
[2026-06-30 09:29:36] 63 docs en attente…
[2026-06-30 09:29:37]   → fa200745 Squat et écriture
[2026-06-30 09:29:38] 63 docs en attente…
[2026-06-30 09:29:38]   → fa200745 Squat et écriture
[2026-06-30 09:29:39] 63 docs en attente…
[2026-06-30 09:29:39]   → fa200745 Squat et écriture
[2026-06-30 09:29:40] 63 docs en attente…
[2026-06-30 09:29:40]   → fa200745 Squat et écriture
[2026-06-30 09:29:42] 63 docs en attente…
[2026-06-30 09:29:42]   → fa200745 Squat et écriture
[2026-06-30 09:29:43] 63 docs en attente…
[2026-06-30 09:29:43]   → fa200745 Squat et écriture
[2026-06-30 09:29:45] 63 docs en attente…
[2026-06-30 09:29:45]   → fa200745 Squat et écriture
[2026-06-30 09:29:46] 63 docs en attente…
[2026-06-30 09:29:46]   → fa200745 Squat et écriture
[2026-06-30 09:29:48] 63 docs en attente…
[2026-06-30 09:29:48]   → fa200745 Squat et écriture
[2026-06-30 09:29:49] 63 docs en attente…
[2026-06-30 09:29:49]   → fa200745 Squat et écriture
[2026-06-30 09:29:50] 63 docs en attente…
[2026-06-30 09:29:50]   → fa200745 Squat et écriture
[2026-06-30 09:29:52] 63 docs en attente…
[2026-06-30 09:29:52]   → fa200745 Squat et écriture
[2026-06-30 09:29:53] 63 docs en attente…
[2026-06-30 09:29:53]   → fa200745 Squat et écriture
[2026-06-30 09:29:54] 63 docs en attente…
[2026-06-30 09:29:54]   → fa200745 Squat et écriture
[2026-06-30 09:29:56] 63 docs en attente…
[2026-06-30 09:29:56]   → fa200745 Squat et écriture
[2026-06-30 09:29:57] 63 docs en attente…
[2026-06-30 09:29:57]   → fa200745 Squat et écriture
[2026-06-30 09:29:59] 63 docs en attente…
[2026-06-30 09:29:59]   → fa200745 Squat et écriture
[2026-06-30 09:30:00] 63 docs en attente…
[2026-06-30 09:30:00]   → fa200745 Squat et écriture
[2026-06-30 09:30:01] 63 docs en attente…
[2026-06-30 09:30:01]   → fa200745 Squat et écriture
[2026-06-30 09:30:03] 63 docs en attente…
[2026-06-30 09:30:03]   → fa200745 Squat et écriture
[2026-06-30 09:30:04] 63 docs en attente…
[2026-06-30 09:30:04]   → fa200745 Squat et écriture
[2026-06-30 09:30:05] 63 docs en attente…
[2026-06-30 09:30:05]   → fa200745 Squat et écriture
[2026-06-30 09:30:07] 63 docs en attente…
[2026-06-30 09:30:07]   → fa200745 Squat et écriture
[2026-06-30 09:30:08] 63 docs en attente…
[2026-06-30 09:30:08]   → fa200745 Squat et écriture
[2026-06-30 09:30:10] 63 docs en attente…
[2026-06-30 09:30:10]   → fa200745 Squat et écriture
[2026-06-30 09:30:11] 63 docs en attente…
[2026-06-30 09:30:11]   → fa200745 Squat et écriture
[2026-06-30 09:30:12] 63 docs en attente…
[2026-06-30 09:30:12]   → fa200745 Squat et écriture
[2026-06-30 09:30:14] 63 docs en attente…
[2026-06-30 09:30:14]   → fa200745 Squat et écriture
[2026-06-30 09:30:15] 63 docs en attente…
[2026-06-30 09:30:15]   → fa200745 Squat et écriture
[2026-06-30 09:30:16] 63 docs en attente…
[2026-06-30 09:30:16]   → fa200745 Squat et écriture
[2026-06-30 09:30:18] 63 docs en attente…
[2026-06-30 09:30:18]   → fa200745 Squat et écriture
[2026-06-30 09:30:19] 63 docs en attente…
[2026-06-30 09:30:19]   → fa200745 Squat et écriture
[2026-06-30 09:30:20] 63 docs en attente…
[2026-06-30 09:30:20]   → fa200745 Squat et écriture
[2026-06-30 09:30:22] 63 docs en attente…
[2026-06-30 09:30:22]   → fa200745 Squat et écriture
[2026-06-30 09:30:23] 63 docs en attente…
[2026-06-30 09:30:23]   → fa200745 Squat et écriture
[2026-06-30 09:30:25] 63 docs en attente…
[2026-06-30 09:30:25]   → fa200745 Squat et écriture
[2026-06-30 09:30:27] 63 docs en attente…
[2026-06-30 09:30:27]   → fa200745 Squat et écriture
[2026-06-30 09:30:28] 63 docs en attente…
[2026-06-30 09:30:28]   → fa200745 Squat et écriture
[2026-06-30 09:30:29] 63 docs en attente…
[2026-06-30 09:30:29]   → fa200745 Squat et écriture
[2026-06-30 09:30:31] 63 docs en attente…
[2026-06-30 09:30:31]   → fa200745 Squat et écriture
[2026-06-30 09:30:32] 63 docs en attente…
[2026-06-30 09:30:32]   → fa200745 Squat et écriture
[2026-06-30 09:30:33] 63 docs en attente…
[2026-06-30 09:30:33]   → fa200745 Squat et écriture
[2026-06-30 09:30:35] 63 docs en attente…
[2026-06-30 09:30:35]   → fa200745 Squat et écriture
[2026-06-30 09:30:36] 63 docs en attente…
[2026-06-30 09:30:36]   → fa200745 Squat et écriture
[2026-06-30 09:30:38] 63 docs en attente…
[2026-06-30 09:30:38]   → fa200745 Squat et écriture
[2026-06-30 09:30:39] 63 docs en attente…
[2026-06-30 09:30:39]   → fa200745 Squat et écriture
[2026-06-30 09:30:40] 63 docs en attente…
[2026-06-30 09:30:40]   → fa200745 Squat et écriture
[2026-06-30 09:30:42] 63 docs en attente…
[2026-06-30 09:30:42]   → fa200745 Squat et écriture
[2026-06-30 09:30:43] 63 docs en attente…
[2026-06-30 09:30:43]   → fa200745 Squat et écriture
[2026-06-30 09:30:45] 63 docs en attente…
[2026-06-30 09:30:45]   → fa200745 Squat et écriture
[2026-06-30 09:30:46] 63 docs en attente…
[2026-06-30 09:30:46]   → fa200745 Squat et écriture
[2026-06-30 09:30:47] 63 docs en attente…
[2026-06-30 09:30:47]   → fa200745 Squat et écriture
[2026-06-30 09:30:48] 63 docs en attente…
[2026-06-30 09:30:48]   → fa200745 Squat et écriture
[2026-06-30 09:30:50] 63 docs en attente…
[2026-06-30 09:30:50]   → fa200745 Squat et écriture
[2026-06-30 09:30:51] 63 docs en attente…
[2026-06-30 09:30:51]   → fa200745 Squat et écriture
[2026-06-30 09:30:52] 63 docs en attente…
[2026-06-30 09:30:52]   → fa200745 Squat et écriture
[2026-06-30 09:30:54] 63 docs en attente…
[2026-06-30 09:30:54]   → fa200745 Squat et écriture
[2026-06-30 09:30:56] 63 docs en attente…
[2026-06-30 09:30:56]   → fa200745 Squat et écriture
[2026-06-30 09:30:57] 63 docs en attente…
[2026-06-30 09:30:57]   → fa200745 Squat et écriture
[2026-06-30 09:30:59] 63 docs en attente…
[2026-06-30 09:30:59]   → fa200745 Squat et écriture
[2026-06-30 09:31:00] 63 docs en attente…
[2026-06-30 09:31:00]   → fa200745 Squat et écriture
[2026-06-30 09:31:01] 63 docs en attente…
[2026-06-30 09:31:01]   → fa200745 Squat et écriture
[2026-06-30 09:31:03] 63 docs en attente…
[2026-06-30 09:31:03]   → fa200745 Squat et écriture
[2026-06-30 09:31:04] 63 docs en attente…
[2026-06-30 09:31:04]   → fa200745 Squat et écriture
[2026-06-30 09:31:05] 63 docs en attente…
[2026-06-30 09:31:05]   → fa200745 Squat et écriture
[2026-06-30 09:31:06] 63 docs en attente…
[2026-06-30 09:31:06]   → fa200745 Squat et écriture
[2026-06-30 09:31:08] 63 docs en attente…
[2026-06-30 09:31:08]   → fa200745 Squat et écriture
[2026-06-30 09:31:09] 63 docs en attente…
[2026-06-30 09:31:09]   → fa200745 Squat et écriture
[2026-06-30 09:31:11] 63 docs en attente…
[2026-06-30 09:31:11]   → fa200745 Squat et écriture
[2026-06-30 09:31:12] 63 docs en attente…
[2026-06-30 09:31:12]   → fa200745 Squat et écriture
[2026-06-30 09:31:14] 63 docs en attente…
[2026-06-30 09:31:14]   → fa200745 Squat et écriture
[2026-06-30 09:31:15] 63 docs en attente…
[2026-06-30 09:31:15]   → fa200745 Squat et écriture
[2026-06-30 09:31:17] 63 docs en attente…
[2026-06-30 09:31:17]   → fa200745 Squat et écriture
[2026-06-30 09:31:18] 63 docs en attente…
[2026-06-30 09:31:18]   → fa200745 Squat et écriture
[2026-06-30 09:31:20] 63 docs en attente…
[2026-06-30 09:31:20]   → fa200745 Squat et écriture
[2026-06-30 09:31:21] 63 docs en attente…
[2026-06-30 09:31:21]   → fa200745 Squat et écriture
[2026-06-30 09:31:22] 63 docs en attente…
[2026-06-30 09:31:23]   → fa200745 Squat et écriture
[2026-06-30 09:31:24] 63 docs en attente…
[2026-06-30 09:31:24]   → fa200745 Squat et écriture
[2026-06-30 09:31:25] 63 docs en attente…
[2026-06-30 09:31:25]   → fa200745 Squat et écriture
[2026-06-30 09:31:26] 63 docs en attente…
[2026-06-30 09:31:26]   → fa200745 Squat et écriture
[2026-06-30 09:31:28] 63 docs en attente…
[2026-06-30 09:31:28]   → fa200745 Squat et écriture
[2026-06-30 09:31:29] 63 docs en attente…
[2026-06-30 09:31:29]   → fa200745 Squat et écriture
[2026-06-30 09:31:31] 63 docs en attente…
[2026-06-30 09:31:31]   → fa200745 Squat et écriture
[2026-06-30 09:31:32] 63 docs en attente…
[2026-06-30 09:31:32]   → fa200745 Squat et écriture
[2026-06-30 09:31:34] 63 docs en attente…
[2026-06-30 09:31:34]   → fa200745 Squat et écriture
[2026-06-30 09:31:35] 63 docs en attente…
[2026-06-30 09:31:35]   → fa200745 Squat et écriture
[2026-06-30 09:31:36] 63 docs en attente…
[2026-06-30 09:31:36]   → fa200745 Squat et écriture
[2026-06-30 09:31:38] 63 docs en attente…
[2026-06-30 09:31:38]   → fa200745 Squat et écriture
[2026-06-30 09:31:40] 63 docs en attente…
[2026-06-30 09:31:40]   → fa200745 Squat et écriture
[2026-06-30 09:31:41] 63 docs en attente…
[2026-06-30 09:31:41]   → fa200745 Squat et écriture
[2026-06-30 09:31:42] 63 docs en attente…
[2026-06-30 09:31:42]   → fa200745 Squat et écriture
[2026-06-30 09:31:44] 63 docs en attente…
[2026-06-30 09:31:44]   → fa200745 Squat et écriture
[2026-06-30 09:31:45] 63 docs en attente…
[2026-06-30 09:31:45]   → fa200745 Squat et écriture
[2026-06-30 09:31:47] 63 docs en attente…
[2026-06-30 09:31:47]   → fa200745 Squat et écriture
[2026-06-30 09:31:48] 63 docs en attente…
[2026-06-30 09:31:48]   → fa200745 Squat et écriture
[2026-06-30 09:31:49] 63 docs en attente…
[2026-06-30 09:31:49]   → fa200745 Squat et écriture
[2026-06-30 09:31:51] 63 docs en attente…
[2026-06-30 09:31:51]   → fa200745 Squat et écriture
[2026-06-30 09:31:52] 63 docs en attente…
[2026-06-30 09:31:52]   → fa200745 Squat et écriture
[2026-06-30 09:31:54] 63 docs en attente…
[2026-06-30 09:31:54]   → fa200745 Squat et écriture
[2026-06-30 09:31:55] 63 docs en attente…
[2026-06-30 09:31:55]   → fa200745 Squat et écriture
[2026-06-30 09:31:57] 63 docs en attente…
[2026-06-30 09:31:57]   → fa200745 Squat et écriture
[2026-06-30 09:31:58] 63 docs en attente…
[2026-06-30 09:31:58]   → fa200745 Squat et écriture
[2026-06-30 09:31:59] 63 docs en attente…
[2026-06-30 09:31:59]   → fa200745 Squat et écriture
[2026-06-30 09:32:01] 63 docs en attente…
[2026-06-30 09:32:01]   → fa200745 Squat et écriture
[2026-06-30 09:32:02] 63 docs en attente…
[2026-06-30 09:32:02]   → fa200745 Squat et écriture
[2026-06-30 09:32:04] 63 docs en attente…
[2026-06-30 09:32:04]   → fa200745 Squat et écriture
[2026-06-30 09:32:05] 63 docs en attente…
[2026-06-30 09:32:05]   → fa200745 Squat et écriture
[2026-06-30 09:32:06] 63 docs en attente…
[2026-06-30 09:32:06]   → fa200745 Squat et écriture
[2026-06-30 09:32:08] 63 docs en attente…
[2026-06-30 09:32:08]   → fa200745 Squat et écriture
[2026-06-30 09:32:09] 63 docs en attente…
[2026-06-30 09:32:09]   → fa200745 Squat et écriture
[2026-06-30 09:32:10] 63 docs en attente…
[2026-06-30 09:32:10]   → fa200745 Squat et écriture
[2026-06-30 09:32:12] 63 docs en attente…
[2026-06-30 09:32:12]   → fa200745 Squat et écriture
[2026-06-30 09:32:13] 63 docs en attente…
[2026-06-30 09:32:13]   → fa200745 Squat et écriture
[2026-06-30 09:32:15] 63 docs en attente…
[2026-06-30 09:32:15]   → fa200745 Squat et écriture
[2026-06-30 09:32:16] 63 docs en attente…
[2026-06-30 09:32:16]   → fa200745 Squat et écriture
[2026-06-30 09:32:18] 63 docs en attente…
[2026-06-30 09:32:18]   → fa200745 Squat et écriture
[2026-06-30 09:32:19] 63 docs en attente…
[2026-06-30 09:32:19]   → fa200745 Squat et écriture
[2026-06-30 09:32:20] 63 docs en attente…
[2026-06-30 09:32:20]   → fa200745 Squat et écriture
[2026-06-30 09:32:22] 63 docs en attente…
[2026-06-30 09:32:22]   → fa200745 Squat et écriture
[2026-06-30 09:32:23] 63 docs en attente…
[2026-06-30 09:32:23]   → fa200745 Squat et écriture
[2026-06-30 09:32:25] 63 docs en attente…
[2026-06-30 09:32:25]   → fa200745 Squat et écriture
[2026-06-30 09:32:26] 63 docs en attente…
[2026-06-30 09:32:26]   → fa200745 Squat et écriture
[2026-06-30 09:32:28] 63 docs en attente…
[2026-06-30 09:32:28]   → fa200745 Squat et écriture
[2026-06-30 09:32:29] 63 docs en attente…
[2026-06-30 09:32:29]   → fa200745 Squat et écriture
[2026-06-30 09:32:30] 63 docs en attente…
[2026-06-30 09:32:31]   → fa200745 Squat et écriture
[2026-06-30 09:32:32] 63 docs en attente…
[2026-06-30 09:32:32]   → fa200745 Squat et écriture
[2026-06-30 09:32:33] 63 docs en attente…
[2026-06-30 09:32:33]   → fa200745 Squat et écriture
[2026-06-30 09:32:34] 63 docs en attente…
[2026-06-30 09:32:34]   → fa200745 Squat et écriture
[2026-06-30 09:32:36] 63 docs en attente…
[2026-06-30 09:32:36]   → fa200745 Squat et écriture
[2026-06-30 09:32:37] 63 docs en attente…
[2026-06-30 09:32:37]   → fa200745 Squat et écriture
[2026-06-30 09:32:38] 63 docs en attente…
[2026-06-30 09:32:38]   → fa200745 Squat et écriture
[2026-06-30 09:32:40] 63 docs en attente…
[2026-06-30 09:32:40]   → fa200745 Squat et écriture
[2026-06-30 09:32:41] 63 docs en attente…
[2026-06-30 09:32:41]   → fa200745 Squat et écriture
[2026-06-30 09:32:42] 63 docs en attente…
[2026-06-30 09:32:42]   → fa200745 Squat et écriture
[2026-06-30 09:32:43] 63 docs en attente…
[2026-06-30 09:32:44]   → fa200745 Squat et écriture
[2026-06-30 09:32:45] 63 docs en attente…
[2026-06-30 09:32:45]   → fa200745 Squat et écriture
[2026-06-30 09:32:47] 63 docs en attente…
[2026-06-30 09:32:47]   → fa200745 Squat et écriture
[2026-06-30 09:32:48] 63 docs en attente…
[2026-06-30 09:32:48]   → fa200745 Squat et écriture
[2026-06-30 09:32:49] 63 docs en attente…
[2026-06-30 09:32:49]   → fa200745 Squat et écriture
[2026-06-30 09:32:51] 63 docs en attente…
[2026-06-30 09:32:51]   → fa200745 Squat et écriture
[2026-06-30 09:32:52] 63 docs en attente…
[2026-06-30 09:32:52]   → fa200745 Squat et écriture
[2026-06-30 09:32:53] 63 docs en attente…
[2026-06-30 09:32:53]   → fa200745 Squat et écriture
[2026-06-30 09:32:55] 63 docs en attente…
[2026-06-30 09:32:55]   → fa200745 Squat et écriture
[2026-06-30 09:32:56] 63 docs en attente…
[2026-06-30 09:32:56]   → fa200745 Squat et écriture
[2026-06-30 09:32:57] 63 docs en attente…
[2026-06-30 09:32:57]   → fa200745 Squat et écriture
[2026-06-30 09:32:59] 63 docs en attente…
[2026-06-30 09:32:59]   → fa200745 Squat et écriture
[2026-06-30 09:33:00] 63 docs en attente…
[2026-06-30 09:33:00]   → fa200745 Squat et écriture
[2026-06-30 09:33:01] 63 docs en attente…
[2026-06-30 09:33:01]   → fa200745 Squat et écriture
[2026-06-30 09:33:03] 63 docs en attente…
[2026-06-30 09:33:03]   → fa200745 Squat et écriture
[2026-06-30 09:33:04] 63 docs en attente…
[2026-06-30 09:33:04]   → fa200745 Squat et écriture
[2026-06-30 09:33:06] 63 docs en attente…
[2026-06-30 09:33:06]   → fa200745 Squat et écriture
[2026-06-30 09:33:07] 63 docs en attente…
[2026-06-30 09:33:07]   → fa200745 Squat et écriture
[2026-06-30 09:33:09] 63 docs en attente…
[2026-06-30 09:33:09]   → fa200745 Squat et écriture
[2026-06-30 09:33:10] 63 docs en attente…
[2026-06-30 09:33:10]   → fa200745 Squat et écriture
[2026-06-30 09:33:11] 63 docs en attente…
[2026-06-30 09:33:11]   → fa200745 Squat et écriture
[2026-06-30 09:33:13] 63 docs en attente…
[2026-06-30 09:33:13]   → fa200745 Squat et écriture
[2026-06-30 09:33:15] 63 docs en attente…
[2026-06-30 09:33:15]   → fa200745 Squat et écriture
[2026-06-30 09:33:16] 63 docs en attente…
[2026-06-30 09:33:16]   → fa200745 Squat et écriture
[2026-06-30 09:33:18] 63 docs en attente…
[2026-06-30 09:33:18]   → fa200745 Squat et écriture
[2026-06-30 09:33:19] 63 docs en attente…
[2026-06-30 09:33:19]   → fa200745 Squat et écriture
[2026-06-30 09:33:21] 63 docs en attente…
[2026-06-30 09:33:21]   → fa200745 Squat et écriture
[2026-06-30 09:33:23] 63 docs en attente…
[2026-06-30 09:33:23]   → fa200745 Squat et écriture
[2026-06-30 09:33:24] 63 docs en attente…
[2026-06-30 09:33:24]   → fa200745 Squat et écriture
[2026-06-30 09:33:26] 63 docs en attente…
[2026-06-30 09:33:26]   → fa200745 Squat et écriture
[2026-06-30 09:33:27] 63 docs en attente…
[2026-06-30 09:33:27]   → fa200745 Squat et écriture
[2026-06-30 09:33:29] 63 docs en attente…
[2026-06-30 09:33:29]   → fa200745 Squat et écriture
[2026-06-30 09:33:30] 63 docs en attente…
[2026-06-30 09:33:30]   → fa200745 Squat et écriture
[2026-06-30 09:33:32] 63 docs en attente…
[2026-06-30 09:33:32]   → fa200745 Squat et écriture
[2026-06-30 09:33:33] 63 docs en attente…
[2026-06-30 09:33:33]   → fa200745 Squat et écriture
[2026-06-30 09:33:34] 63 docs en attente…
[2026-06-30 09:33:34]   → fa200745 Squat et écriture
[2026-06-30 09:33:36] 63 docs en attente…
[2026-06-30 09:33:36]   → fa200745 Squat et écriture
[2026-06-30 09:33:37] 63 docs en attente…
[2026-06-30 09:33:37]   → fa200745 Squat et écriture
[2026-06-30 09:33:38] 63 docs en attente…
[2026-06-30 09:33:38]   → fa200745 Squat et écriture
[2026-06-30 09:33:40] 63 docs en attente…
[2026-06-30 09:33:40]   → fa200745 Squat et écriture
[2026-06-30 09:33:41] 63 docs en attente…
[2026-06-30 09:33:41]   → fa200745 Squat et écriture
[2026-06-30 09:33:43] 63 docs en attente…
[2026-06-30 09:33:43]   → fa200745 Squat et écriture
[2026-06-30 09:33:44] 63 docs en attente…
[2026-06-30 09:33:44]   → fa200745 Squat et écriture
[2026-06-30 09:33:46] 63 docs en attente…
[2026-06-30 09:33:46]   → fa200745 Squat et écriture
[2026-06-30 09:33:47] 63 docs en attente…
[2026-06-30 09:33:47]   → fa200745 Squat et écriture
[2026-06-30 09:33:48] 63 docs en attente…
[2026-06-30 09:33:48]   → fa200745 Squat et écriture
[2026-06-30 09:33:49] 63 docs en attente…
[2026-06-30 09:33:49]   → fa200745 Squat et écriture
[2026-06-30 09:33:51] 63 docs en attente…
[2026-06-30 09:33:51]   → fa200745 Squat et écriture
[2026-06-30 09:33:52] 63 docs en attente…
[2026-06-30 09:33:52]   → fa200745 Squat et écriture
[2026-06-30 09:33:53] 63 docs en attente…
[2026-06-30 09:33:53]   → fa200745 Squat et écriture
[2026-06-30 09:33:55] 63 docs en attente…
[2026-06-30 09:33:55]   → fa200745 Squat et écriture
[2026-06-30 09:33:56] 63 docs en attente…
[2026-06-30 09:33:56]   → fa200745 Squat et écriture
[2026-06-30 09:33:58] 63 docs en attente…
[2026-06-30 09:33:58]   → fa200745 Squat et écriture
[2026-06-30 09:33:59] 63 docs en attente…
[2026-06-30 09:33:59]   → fa200745 Squat et écriture
[2026-06-30 09:34:00] 63 docs en attente…
[2026-06-30 09:34:01]   → fa200745 Squat et écriture
[2026-06-30 09:34:02] 63 docs en attente…
[2026-06-30 09:34:02]   → fa200745 Squat et écriture
[2026-06-30 09:34:03] 63 docs en attente…
[2026-06-30 09:34:03]   → fa200745 Squat et écriture
[2026-06-30 09:34:05] 63 docs en attente…
[2026-06-30 09:34:05]   → fa200745 Squat et écriture
[2026-06-30 09:34:06] 63 docs en attente…
[2026-06-30 09:34:06]   → fa200745 Squat et écriture
[2026-06-30 09:34:07] 63 docs en attente…
[2026-06-30 09:34:07]   → fa200745 Squat et écriture
[2026-06-30 09:34:09] 63 docs en attente…
[2026-06-30 09:34:09]   → fa200745 Squat et écriture
[2026-06-30 09:34:10] 63 docs en attente…
[2026-06-30 09:34:10]   → fa200745 Squat et écriture
[2026-06-30 09:34:11] 63 docs en attente…
[2026-06-30 09:34:11]   → fa200745 Squat et écriture
[2026-06-30 09:34:12] 63 docs en attente…
[2026-06-30 09:34:12]   → fa200745 Squat et écriture
[2026-06-30 09:34:14] 63 docs en attente…
[2026-06-30 09:34:14]   → fa200745 Squat et écriture
[2026-06-30 09:34:15] 63 docs en attente…
[2026-06-30 09:34:15]   → fa200745 Squat et écriture
[2026-06-30 09:34:17] 63 docs en attente…
[2026-06-30 09:34:17]   → fa200745 Squat et écriture
[2026-06-30 09:34:18] 63 docs en attente…
[2026-06-30 09:34:18]   → fa200745 Squat et écriture
[2026-06-30 09:34:19] 63 docs en attente…
[2026-06-30 09:34:19]   → fa200745 Squat et écriture
[2026-06-30 09:34:21] 63 docs en attente…
[2026-06-30 09:34:21]   → fa200745 Squat et écriture
[2026-06-30 09:34:22] 63 docs en attente…
[2026-06-30 09:34:22]   → fa200745 Squat et écriture
[2026-06-30 09:34:23] 63 docs en attente…
[2026-06-30 09:34:23]   → fa200745 Squat et écriture
[2026-06-30 09:34:25] 63 docs en attente…
[2026-06-30 09:34:25]   → fa200745 Squat et écriture
[2026-06-30 09:34:26] 63 docs en attente…
[2026-06-30 09:34:26]   → fa200745 Squat et écriture
[2026-06-30 09:34:28] 63 docs en attente…
[2026-06-30 09:34:28]   → fa200745 Squat et écriture
[2026-06-30 09:34:29] 63 docs en attente…
[2026-06-30 09:34:29]   → fa200745 Squat et écriture
[2026-06-30 09:34:31] 63 docs en attente…
[2026-06-30 09:34:31]   → fa200745 Squat et écriture
[2026-06-30 09:34:32] 63 docs en attente…
[2026-06-30 09:34:32]   → fa200745 Squat et écriture
[2026-06-30 09:34:34] 63 docs en attente…
[2026-06-30 09:34:34]   → fa200745 Squat et écriture
[2026-06-30 09:34:35] 63 docs en attente…
[2026-06-30 09:34:35]   → fa200745 Squat et écriture
[2026-06-30 09:34:36] 63 docs en attente…
[2026-06-30 09:34:36]   → fa200745 Squat et écriture
[2026-06-30 09:34:38] 63 docs en attente…
[2026-06-30 09:34:38]   → fa200745 Squat et écriture
[2026-06-30 09:34:39] 63 docs en attente…
[2026-06-30 09:34:39]   → fa200745 Squat et écriture
[2026-06-30 09:34:40] 63 docs en attente…
[2026-06-30 09:34:40]   → fa200745 Squat et écriture
[2026-06-30 09:34:41] 63 docs en attente…
[2026-06-30 09:34:41]   → fa200745 Squat et écriture
[2026-06-30 09:34:43] 63 docs en attente…
[2026-06-30 09:34:43]   → fa200745 Squat et écriture
[2026-06-30 09:34:45] 63 docs en attente…
[2026-06-30 09:34:45]   → fa200745 Squat et écriture
[2026-06-30 09:34:47] 63 docs en attente…
[2026-06-30 09:34:47]   → fa200745 Squat et écriture
[2026-06-30 09:34:48] 63 docs en attente…
[2026-06-30 09:34:49]   → fa200745 Squat et écriture
[2026-06-30 09:34:50] 63 docs en attente…
[2026-06-30 09:34:50]   → fa200745 Squat et écriture
[2026-06-30 09:34:52] 63 docs en attente…
[2026-06-30 09:34:52]   → fa200745 Squat et écriture
[2026-06-30 09:34:53] 63 docs en attente…
[2026-06-30 09:34:53]   → fa200745 Squat et écriture
[2026-06-30 09:34:54] 63 docs en attente…
[2026-06-30 09:34:54]   → fa200745 Squat et écriture
[2026-06-30 09:34:56] 63 docs en attente…
[2026-06-30 09:34:56]   → fa200745 Squat et écriture
[2026-06-30 09:34:58] 63 docs en attente…
[2026-06-30 09:34:58]   → fa200745 Squat et écriture
[2026-06-30 09:34:59] 63 docs en attente…
[2026-06-30 09:34:59]   → fa200745 Squat et écriture
[2026-06-30 09:35:00] 63 docs en attente…
[2026-06-30 09:35:00]   → fa200745 Squat et écriture
[2026-06-30 09:35:02] 63 docs en attente…
[2026-06-30 09:35:02]   → fa200745 Squat et écriture
[2026-06-30 09:35:03] 63 docs en attente…
[2026-06-30 09:35:03]   → fa200745 Squat et écriture
[2026-06-30 09:35:04] 63 docs en attente…
[2026-06-30 09:35:04]   → fa200745 Squat et écriture
[2026-06-30 09:35:06] 63 docs en attente…
[2026-06-30 09:35:06]   → fa200745 Squat et écriture
[2026-06-30 09:35:07] 63 docs en attente…
[2026-06-30 09:35:07]   → fa200745 Squat et écriture
[2026-06-30 09:35:08] 63 docs en attente…
[2026-06-30 09:35:08]   → fa200745 Squat et écriture
[2026-06-30 09:35:10] 63 docs en attente…
[2026-06-30 09:35:10]   → fa200745 Squat et écriture
[2026-06-30 09:35:12] 63 docs en attente…
[2026-06-30 09:35:12]   → fa200745 Squat et écriture
[2026-06-30 09:35:13] 63 docs en attente…
[2026-06-30 09:35:13]   → fa200745 Squat et écriture
[2026-06-30 09:35:15] 63 docs en attente…
[2026-06-30 09:35:15]   → fa200745 Squat et écriture
[2026-06-30 09:35:16] 63 docs en attente…
[2026-06-30 09:35:16]   → fa200745 Squat et écriture
[2026-06-30 09:35:17] 63 docs en attente…
[2026-06-30 09:35:17]   → fa200745 Squat et écriture
[2026-06-30 09:35:19] 63 docs en attente…
[2026-06-30 09:35:19]   → fa200745 Squat et écriture
[2026-06-30 09:35:21] 63 docs en attente…
[2026-06-30 09:35:21]   → fa200745 Squat et écriture
[2026-06-30 09:35:22] 63 docs en attente…
[2026-06-30 09:35:22]   → fa200745 Squat et écriture
[2026-06-30 09:35:23] 63 docs en attente…
[2026-06-30 09:35:23]   → fa200745 Squat et écriture
[2026-06-30 09:35:25] 63 docs en attente…
[2026-06-30 09:35:25]   → fa200745 Squat et écriture
[2026-06-30 09:35:26] 63 docs en attente…
[2026-06-30 09:35:26]   → fa200745 Squat et écriture
[2026-06-30 09:35:27] 63 docs en attente…
[2026-06-30 09:35:27]   → fa200745 Squat et écriture
[2026-06-30 09:35:29] 63 docs en attente…
[2026-06-30 09:35:29]   → fa200745 Squat et écriture
[2026-06-30 09:35:30] 63 docs en attente…
[2026-06-30 09:35:30]   → fa200745 Squat et écriture
[2026-06-30 09:35:31] 63 docs en attente…
[2026-06-30 09:35:31]   → fa200745 Squat et écriture
[2026-06-30 09:35:33] 63 docs en attente…
[2026-06-30 09:35:33]   → fa200745 Squat et écriture
[2026-06-30 09:35:34] 63 docs en attente…
[2026-06-30 09:35:34]   → fa200745 Squat et écriture
[2026-06-30 09:35:35] 63 docs en attente…
[2026-06-30 09:35:35]   → fa200745 Squat et écriture
[2026-06-30 09:35:36] 63 docs en attente…
[2026-06-30 09:35:36]   → fa200745 Squat et écriture
[2026-06-30 09:35:38] 63 docs en attente…
[2026-06-30 09:35:38]   → fa200745 Squat et écriture
[2026-06-30 09:35:40] 63 docs en attente…
[2026-06-30 09:35:40]   → fa200745 Squat et écriture
[2026-06-30 09:35:41] 63 docs en attente…
[2026-06-30 09:35:41]   → fa200745 Squat et écriture
[2026-06-30 09:35:42] 63 docs en attente…
[2026-06-30 09:35:42]   → fa200745 Squat et écriture
[2026-06-30 09:35:44] 63 docs en attente…
[2026-06-30 09:35:44]   → fa200745 Squat et écriture
[2026-06-30 09:35:45] 63 docs en attente…
[2026-06-30 09:35:45]   → fa200745 Squat et écriture
[2026-06-30 09:35:46] 63 docs en attente…
[2026-06-30 09:35:46]   → fa200745 Squat et écriture
[2026-06-30 09:35:48] 63 docs en attente…
[2026-06-30 09:35:48]   → fa200745 Squat et écriture
[2026-06-30 09:35:50] 63 docs en attente…
[2026-06-30 09:35:50]   → fa200745 Squat et écriture
[2026-06-30 09:35:51] 63 docs en attente…
[2026-06-30 09:35:51]   → fa200745 Squat et écriture
[2026-06-30 09:35:52] 63 docs en attente…
[2026-06-30 09:35:52]   → fa200745 Squat et écriture
[2026-06-30 09:35:54] 63 docs en attente…
[2026-06-30 09:35:54]   → fa200745 Squat et écriture
[2026-06-30 09:35:55] 63 docs en attente…
[2026-06-30 09:35:55]   → fa200745 Squat et écriture
[2026-06-30 09:35:56] 63 docs en attente…
[2026-06-30 09:35:57]   → fa200745 Squat et écriture
[2026-06-30 09:35:58] 63 docs en attente…
[2026-06-30 09:35:58]   → fa200745 Squat et écriture
[2026-06-30 09:35:59] 63 docs en attente…
[2026-06-30 09:35:59]   → fa200745 Squat et écriture
[2026-06-30 09:36:01] 63 docs en attente…
[2026-06-30 09:36:01]   → fa200745 Squat et écriture
[2026-06-30 09:36:02] 63 docs en attente…
[2026-06-30 09:36:02]   → fa200745 Squat et écriture
[2026-06-30 09:36:03] 63 docs en attente…
[2026-06-30 09:36:04]   → fa200745 Squat et écriture
[2026-06-30 09:36:05] 63 docs en attente…
[2026-06-30 09:36:05]   → fa200745 Squat et écriture
[2026-06-30 09:36:06] 63 docs en attente…
[2026-06-30 09:36:06]   → fa200745 Squat et écriture
[2026-06-30 09:36:08] 63 docs en attente…
[2026-06-30 09:36:08]   → fa200745 Squat et écriture
[2026-06-30 09:36:09] 63 docs en attente…
[2026-06-30 09:36:09]   → fa200745 Squat et écriture
[2026-06-30 09:36:11] 63 docs en attente…
[2026-06-30 09:36:11]   → fa200745 Squat et écriture
[2026-06-30 09:36:12] 63 docs en attente…
[2026-06-30 09:36:12]   → fa200745 Squat et écriture
[2026-06-30 09:36:14] 63 docs en attente…
[2026-06-30 09:36:14]   → fa200745 Squat et écriture
[2026-06-30 09:36:15] 63 docs en attente…
[2026-06-30 09:36:15]   → fa200745 Squat et écriture
[2026-06-30 09:36:16] 63 docs en attente…
[2026-06-30 09:36:16]   → fa200745 Squat et écriture
[2026-06-30 09:36:17] 63 docs en attente…
[2026-06-30 09:36:17]   → fa200745 Squat et écriture
[2026-06-30 09:36:19] 63 docs en attente…
[2026-06-30 09:36:19]   → fa200745 Squat et écriture
[2026-06-30 09:36:20] 63 docs en attente…
[2026-06-30 09:36:20]   → fa200745 Squat et écriture
[2026-06-30 09:36:21] 63 docs en attente…
[2026-06-30 09:36:21]   → fa200745 Squat et écriture
[2026-06-30 09:36:23] 63 docs en attente…
[2026-06-30 09:36:23]   → fa200745 Squat et écriture
[2026-06-30 09:36:24] 63 docs en attente…
[2026-06-30 09:36:24]   → fa200745 Squat et écriture
[2026-06-30 09:36:25] 63 docs en attente…
[2026-06-30 09:36:25]   → fa200745 Squat et écriture
[2026-06-30 09:36:27] 63 docs en attente…
[2026-06-30 09:36:27]   → fa200745 Squat et écriture
[2026-06-30 09:36:28] 63 docs en attente…
[2026-06-30 09:36:28]   → fa200745 Squat et écriture
[2026-06-30 09:36:29] 63 docs en attente…
[2026-06-30 09:36:29]   → fa200745 Squat et écriture
[2026-06-30 09:36:31] 63 docs en attente…
[2026-06-30 09:36:31]   → fa200745 Squat et écriture
[2026-06-30 09:36:32] 63 docs en attente…
[2026-06-30 09:36:32]   → fa200745 Squat et écriture
[2026-06-30 09:36:33] 63 docs en attente…
[2026-06-30 09:36:33]   → fa200745 Squat et écriture
[2026-06-30 09:36:35] 63 docs en attente…
[2026-06-30 09:36:35]   → fa200745 Squat et écriture
[2026-06-30 09:36:36] 63 docs en attente…
[2026-06-30 09:36:36]   → fa200745 Squat et écriture
[2026-06-30 09:36:38] 63 docs en attente…
[2026-06-30 09:36:38]   → fa200745 Squat et écriture
[2026-06-30 09:36:39] 63 docs en attente…
[2026-06-30 09:36:39]   → fa200745 Squat et écriture
[2026-06-30 09:36:40] 63 docs en attente…
[2026-06-30 09:36:41]   → fa200745 Squat et écriture
[2026-06-30 09:36:42] 63 docs en attente…
[2026-06-30 09:36:42]   → fa200745 Squat et écriture
[2026-06-30 09:36:43] 63 docs en attente…
[2026-06-30 09:36:43]   → fa200745 Squat et écriture
[2026-06-30 09:36:45] 63 docs en attente…
[2026-06-30 09:36:45]   → fa200745 Squat et écriture
[2026-06-30 09:36:46] 63 docs en attente…
[2026-06-30 09:36:46]   → fa200745 Squat et écriture
[2026-06-30 09:36:47] 63 docs en attente…
[2026-06-30 09:36:47]   → fa200745 Squat et écriture
[2026-06-30 09:36:49] 63 docs en attente…
[2026-06-30 09:36:49]   → fa200745 Squat et écriture
[2026-06-30 09:36:50] 63 docs en attente…
[2026-06-30 09:36:50]   → fa200745 Squat et écriture
[2026-06-30 09:36:52] 63 docs en attente…
[2026-06-30 09:36:52]   → fa200745 Squat et écriture
[2026-06-30 09:36:53] 63 docs en attente…
[2026-06-30 09:36:53]   → fa200745 Squat et écriture
[2026-06-30 09:36:54] 63 docs en attente…
[2026-06-30 09:36:54]   → fa200745 Squat et écriture
[2026-06-30 09:36:56] 63 docs en attente…
[2026-06-30 09:36:56]   → fa200745 Squat et écriture
[2026-06-30 09:36:57] 63 docs en attente…
[2026-06-30 09:36:57]   → fa200745 Squat et écriture
[2026-06-30 09:36:59] 63 docs en attente…
[2026-06-30 09:36:59]   → fa200745 Squat et écriture
[2026-06-30 09:37:00] 63 docs en attente…
[2026-06-30 09:37:00]   → fa200745 Squat et écriture
[2026-06-30 09:37:02] 63 docs en attente…
[2026-06-30 09:37:02]   → fa200745 Squat et écriture
[2026-06-30 09:37:03] 63 docs en attente…
[2026-06-30 09:37:03]   → fa200745 Squat et écriture
[2026-06-30 09:37:04] 63 docs en attente…
[2026-06-30 09:37:04]   → fa200745 Squat et écriture
[2026-06-30 09:37:06] 63 docs en attente…
[2026-06-30 09:37:06]   → fa200745 Squat et écriture
[2026-06-30 09:37:07] 63 docs en attente…
[2026-06-30 09:37:07]   → fa200745 Squat et écriture
[2026-06-30 09:37:08] 63 docs en attente…
[2026-06-30 09:37:08]   → fa200745 Squat et écriture
[2026-06-30 09:37:09] 63 docs en attente…
[2026-06-30 09:37:09]   → fa200745 Squat et écriture
[2026-06-30 09:37:11] 63 docs en attente…
[2026-06-30 09:37:11]   → fa200745 Squat et écriture
[2026-06-30 09:37:12] 63 docs en attente…
[2026-06-30 09:37:12]   → fa200745 Squat et écriture
[2026-06-30 09:37:14] 63 docs en attente…
[2026-06-30 09:37:14]   → fa200745 Squat et écriture
[2026-06-30 09:37:15] 63 docs en attente…
[2026-06-30 09:37:15]   → fa200745 Squat et écriture
[2026-06-30 09:37:16] 63 docs en attente…
[2026-06-30 09:37:16]   → fa200745 Squat et écriture
[2026-06-30 09:37:18] 63 docs en attente…
[2026-06-30 09:37:18]   → fa200745 Squat et écriture
[2026-06-30 09:37:19] 63 docs en attente…
[2026-06-30 09:37:19]   → fa200745 Squat et écriture
[2026-06-30 09:37:20] 63 docs en attente…
[2026-06-30 09:37:20]   → fa200745 Squat et écriture
[2026-06-30 09:37:22] 63 docs en attente…
[2026-06-30 09:37:22]   → fa200745 Squat et écriture
[2026-06-30 09:37:23] 63 docs en attente…
[2026-06-30 09:37:23]   → fa200745 Squat et écriture
[2026-06-30 09:37:25] 63 docs en attente…
[2026-06-30 09:37:25]   → fa200745 Squat et écriture
[2026-06-30 09:37:26] 63 docs en attente…
[2026-06-30 09:37:26]   → fa200745 Squat et écriture
[2026-06-30 09:37:27] 63 docs en attente…
[2026-06-30 09:37:27]   → fa200745 Squat et écriture
[2026-06-30 09:37:29] 63 docs en attente…
[2026-06-30 09:37:29]   → fa200745 Squat et écriture
[2026-06-30 09:37:30] 63 docs en attente…
[2026-06-30 09:37:30]   → fa200745 Squat et écriture
[2026-06-30 09:37:32] 63 docs en attente…
[2026-06-30 09:37:32]   → fa200745 Squat et écriture
[2026-06-30 09:37:33] 63 docs en attente…
[2026-06-30 09:37:33]   → fa200745 Squat et écriture
[2026-06-30 09:37:34] 63 docs en attente…
[2026-06-30 09:37:34]   → fa200745 Squat et écriture
[2026-06-30 09:37:35] 63 docs en attente…
[2026-06-30 09:37:36]   → fa200745 Squat et écriture
[2026-06-30 09:37:37] 63 docs en attente…
[2026-06-30 09:37:37]   → fa200745 Squat et écriture
[2026-06-30 09:37:38] 63 docs en attente…
[2026-06-30 09:37:38]   → fa200745 Squat et écriture
[2026-06-30 09:37:39] 63 docs en attente…
[2026-06-30 09:37:39]   → fa200745 Squat et écriture
[2026-06-30 09:37:41] 63 docs en attente…
[2026-06-30 09:37:41]   → fa200745 Squat et écriture
[2026-06-30 09:37:42] 63 docs en attente…
[2026-06-30 09:37:42]   → fa200745 Squat et écriture
[2026-06-30 09:37:43] 63 docs en attente…
[2026-06-30 09:37:43]   → fa200745 Squat et écriture
[2026-06-30 09:37:45] 63 docs en attente…
[2026-06-30 09:37:45]   → fa200745 Squat et écriture
[2026-06-30 09:37:46] 63 docs en attente…
[2026-06-30 09:37:46]   → fa200745 Squat et écriture
[2026-06-30 09:37:47] 63 docs en attente…
[2026-06-30 09:37:47]   → fa200745 Squat et écriture
[2026-06-30 09:37:49] 63 docs en attente…
[2026-06-30 09:37:49]   → fa200745 Squat et écriture
[2026-06-30 09:37:50] 63 docs en attente…
[2026-06-30 09:37:50]   → fa200745 Squat et écriture
[2026-06-30 09:37:51] 63 docs en attente…
[2026-06-30 09:37:51]   → fa200745 Squat et écriture
[2026-06-30 09:37:52] 63 docs en attente…
[2026-06-30 09:37:52]   → fa200745 Squat et écriture
[2026-06-30 09:37:54] 63 docs en attente…
[2026-06-30 09:37:54]   → fa200745 Squat et écriture
[2026-06-30 09:37:55] 63 docs en attente…
[2026-06-30 09:37:55]   → fa200745 Squat et écriture
[2026-06-30 09:37:56] 63 docs en attente…
[2026-06-30 09:37:56]   → fa200745 Squat et écriture
[2026-06-30 09:37:58] 63 docs en attente…
[2026-06-30 09:37:58]   → fa200745 Squat et écriture
[2026-06-30 09:37:59] 63 docs en attente…
[2026-06-30 09:37:59]   → fa200745 Squat et écriture
[2026-06-30 09:38:01] 63 docs en attente…
[2026-06-30 09:38:01]   → fa200745 Squat et écriture
[2026-06-30 09:38:02] 63 docs en attente…
[2026-06-30 09:38:02]   → fa200745 Squat et écriture
[2026-06-30 09:38:04] 63 docs en attente…
[2026-06-30 09:38:04]   → fa200745 Squat et écriture
[2026-06-30 09:38:05] 63 docs en attente…
[2026-06-30 09:38:05]   → fa200745 Squat et écriture
[2026-06-30 09:38:07] 63 docs en attente…
[2026-06-30 09:38:07]   → fa200745 Squat et écriture
[2026-06-30 09:38:08] 63 docs en attente…
[2026-06-30 09:38:08]   → fa200745 Squat et écriture
[2026-06-30 09:38:10] 63 docs en attente…
[2026-06-30 09:38:10]   → fa200745 Squat et écriture
[2026-06-30 09:38:11] 63 docs en attente…
[2026-06-30 09:38:11]   → fa200745 Squat et écriture
[2026-06-30 09:38:12] 63 docs en attente…
[2026-06-30 09:38:12]   → fa200745 Squat et écriture
[2026-06-30 09:38:14] 63 docs en attente…
[2026-06-30 09:38:14]   → fa200745 Squat et écriture
[2026-06-30 09:38:16] 63 docs en attente…
[2026-06-30 09:38:16]   → fa200745 Squat et écriture
[2026-06-30 09:38:17] 63 docs en attente…
[2026-06-30 09:38:17]   → fa200745 Squat et écriture
[2026-06-30 09:38:18] 63 docs en attente…
[2026-06-30 09:38:18]   → fa200745 Squat et écriture
[2026-06-30 09:38:20] 63 docs en attente…
[2026-06-30 09:38:20]   → fa200745 Squat et écriture
[2026-06-30 09:38:22] 63 docs en attente…
[2026-06-30 09:38:22]   → fa200745 Squat et écriture
[2026-06-30 09:38:23] 63 docs en attente…
[2026-06-30 09:38:23]   → fa200745 Squat et écriture
[2026-06-30 09:38:24] 63 docs en attente…
[2026-06-30 09:38:24]   → fa200745 Squat et écriture
[2026-06-30 09:38:26] 63 docs en attente…
[2026-06-30 09:38:26]   → fa200745 Squat et écriture
[2026-06-30 09:38:27] 63 docs en attente…
[2026-06-30 09:38:27]   → fa200745 Squat et écriture
[2026-06-30 09:38:28] 63 docs en attente…
[2026-06-30 09:38:28]   → fa200745 Squat et écriture
[2026-06-30 09:38:30] 63 docs en attente…
[2026-06-30 09:38:30]   → fa200745 Squat et écriture
[2026-06-30 09:38:31] 63 docs en attente…
[2026-06-30 09:38:31]   → fa200745 Squat et écriture
[2026-06-30 09:38:33] 63 docs en attente…
[2026-06-30 09:38:33]   → fa200745 Squat et écriture
[2026-06-30 09:38:35] 63 docs en attente…
[2026-06-30 09:38:35]   → fa200745 Squat et écriture
[2026-06-30 09:38:36] 63 docs en attente…
[2026-06-30 09:38:36]   → fa200745 Squat et écriture
[2026-06-30 09:38:37] 63 docs en attente…
[2026-06-30 09:38:37]   → fa200745 Squat et écriture
[2026-06-30 09:38:39] 63 docs en attente…
[2026-06-30 09:38:39]   → fa200745 Squat et écriture
[2026-06-30 09:38:40] 63 docs en attente…
[2026-06-30 09:38:40]   → fa200745 Squat et écriture
[2026-06-30 09:38:41] 63 docs en attente…
[2026-06-30 09:38:41]   → fa200745 Squat et écriture
[2026-06-30 09:38:43] 63 docs en attente…
[2026-06-30 09:38:43]   → fa200745 Squat et écriture
[2026-06-30 09:38:45] 63 docs en attente…
[2026-06-30 09:38:45]   → fa200745 Squat et écriture
[2026-06-30 09:38:46] 63 docs en attente…
[2026-06-30 09:38:46]   → fa200745 Squat et écriture
[2026-06-30 09:38:47] 63 docs en attente…
[2026-06-30 09:38:47]   → fa200745 Squat et écriture
[2026-06-30 09:38:49] 63 docs en attente…
[2026-06-30 09:38:49]   → fa200745 Squat et écriture
[2026-06-30 09:38:51] 63 docs en attente…
[2026-06-30 09:38:51]   → fa200745 Squat et écriture
[2026-06-30 09:38:52] 63 docs en attente…
[2026-06-30 09:38:52]   → fa200745 Squat et écriture
[2026-06-30 09:38:53] 63 docs en attente…
[2026-06-30 09:38:53]   → fa200745 Squat et écriture
[2026-06-30 09:38:55] 63 docs en attente…
[2026-06-30 09:38:56]   → fa200745 Squat et écriture
[2026-06-30 09:38:57] 63 docs en attente…
[2026-06-30 09:38:57]   → fa200745 Squat et écriture
[2026-06-30 09:38:59] 63 docs en attente…
[2026-06-30 09:38:59]   → fa200745 Squat et écriture
[2026-06-30 09:39:00] 63 docs en attente…
[2026-06-30 09:39:00]   → fa200745 Squat et écriture
[2026-06-30 09:39:02] 63 docs en attente…
[2026-06-30 09:39:02]   → fa200745 Squat et écriture
[2026-06-30 09:39:03] 63 docs en attente…
[2026-06-30 09:39:03]   → fa200745 Squat et écriture
[2026-06-30 09:39:04] 63 docs en attente…
[2026-06-30 09:39:04]   → fa200745 Squat et écriture
[2026-06-30 09:39:06] 63 docs en attente…
[2026-06-30 09:39:06]   → fa200745 Squat et écriture
[2026-06-30 09:39:07] 63 docs en attente…
[2026-06-30 09:39:07]   → fa200745 Squat et écriture
[2026-06-30 09:39:09] 63 docs en attente…
[2026-06-30 09:39:09]   → fa200745 Squat et écriture
[2026-06-30 09:39:10] 63 docs en attente…
[2026-06-30 09:39:10]   → fa200745 Squat et écriture
[2026-06-30 09:39:12] 63 docs en attente…
[2026-06-30 09:39:12]   → fa200745 Squat et écriture
[2026-06-30 09:39:13] 63 docs en attente…
[2026-06-30 09:39:13]   → fa200745 Squat et écriture
[2026-06-30 09:39:14] 63 docs en attente…
[2026-06-30 09:39:14]   → fa200745 Squat et écriture
[2026-06-30 09:39:16] 63 docs en attente…
[2026-06-30 09:39:16]   → fa200745 Squat et écriture
[2026-06-30 09:39:17] 63 docs en attente…
[2026-06-30 09:39:17]   → fa200745 Squat et écriture
[2026-06-30 09:39:18] 63 docs en attente…
[2026-06-30 09:39:18]   → fa200745 Squat et écriture
[2026-06-30 09:39:19] 63 docs en attente…
[2026-06-30 09:39:19]   → fa200745 Squat et écriture
[2026-06-30 09:39:21] 63 docs en attente…
[2026-06-30 09:39:21]   → fa200745 Squat et écriture
[2026-06-30 09:39:22] 63 docs en attente…
[2026-06-30 09:39:22]   → fa200745 Squat et écriture
[2026-06-30 09:39:24] 63 docs en attente…
[2026-06-30 09:39:24]   → fa200745 Squat et écriture
[2026-06-30 09:39:25] 63 docs en attente…
[2026-06-30 09:39:25]   → fa200745 Squat et écriture
[2026-06-30 09:39:26] 63 docs en attente…
[2026-06-30 09:39:26]   → fa200745 Squat et écriture
[2026-06-30 09:39:28] 63 docs en attente…
[2026-06-30 09:39:28]   → fa200745 Squat et écriture
[2026-06-30 09:39:29] 63 docs en attente…
[2026-06-30 09:39:29]   → fa200745 Squat et écriture
[2026-06-30 09:39:30] 63 docs en attente…
[2026-06-30 09:39:30]   → fa200745 Squat et écriture
[2026-06-30 09:39:31] 63 docs en attente…
[2026-06-30 09:39:31]   → fa200745 Squat et écriture
[2026-06-30 09:39:33] 63 docs en attente…
[2026-06-30 09:39:33]   → fa200745 Squat et écriture
[2026-06-30 09:39:34] 63 docs en attente…
[2026-06-30 09:39:34]   → fa200745 Squat et écriture
[2026-06-30 09:39:35] 63 docs en attente…
[2026-06-30 09:39:35]   → fa200745 Squat et écriture
[2026-06-30 09:39:37] 63 docs en attente…
[2026-06-30 09:39:37]   → fa200745 Squat et écriture
[2026-06-30 09:39:38] 63 docs en attente…
[2026-06-30 09:39:38]   → fa200745 Squat et écriture
[2026-06-30 09:39:39] 63 docs en attente…
[2026-06-30 09:39:39]   → fa200745 Squat et écriture
[2026-06-30 09:39:41] 63 docs en attente…
[2026-06-30 09:39:41]   → fa200745 Squat et écriture
[2026-06-30 09:39:42] 63 docs en attente…
[2026-06-30 09:39:42]   → fa200745 Squat et écriture
[2026-06-30 09:39:44] 63 docs en attente…
[2026-06-30 09:39:44]   → fa200745 Squat et écriture
[2026-06-30 09:39:45] 63 docs en attente…
[2026-06-30 09:39:45]   → fa200745 Squat et écriture
[2026-06-30 09:39:47] 63 docs en attente…
[2026-06-30 09:39:47]   → fa200745 Squat et écriture
[2026-06-30 09:39:48] 63 docs en attente…
[2026-06-30 09:39:48]   → fa200745 Squat et écriture
[2026-06-30 09:39:49] 63 docs en attente…
[2026-06-30 09:39:49]   → fa200745 Squat et écriture
[2026-06-30 09:39:51] 63 docs en attente…
[2026-06-30 09:39:51]   → fa200745 Squat et écriture
[2026-06-30 09:39:52] 63 docs en attente…
[2026-06-30 09:39:52]   → fa200745 Squat et écriture
[2026-06-30 09:39:54] 63 docs en attente…
[2026-06-30 09:39:54]   → fa200745 Squat et écriture
[2026-06-30 09:39:55] 63 docs en attente…
[2026-06-30 09:39:55]   → fa200745 Squat et écriture
[2026-06-30 09:39:57] 63 docs en attente…
[2026-06-30 09:39:57]   → fa200745 Squat et écriture
[2026-06-30 09:39:58] 63 docs en attente…
[2026-06-30 09:39:58]   → fa200745 Squat et écriture
[2026-06-30 09:40:00] 63 docs en attente…
[2026-06-30 09:40:00]   → fa200745 Squat et écriture
[2026-06-30 09:40:01] 63 docs en attente…
[2026-06-30 09:40:01]   → fa200745 Squat et écriture
[2026-06-30 09:40:02] 63 docs en attente…
[2026-06-30 09:40:02]   → fa200745 Squat et écriture
[2026-06-30 09:40:03] 63 docs en attente…
[2026-06-30 09:40:04]   → fa200745 Squat et écriture
[2026-06-30 09:40:06] 63 docs en attente…
[2026-06-30 09:40:06]   → fa200745 Squat et écriture
[2026-06-30 09:40:07] 63 docs en attente…
[2026-06-30 09:40:07]   → fa200745 Squat et écriture
[2026-06-30 09:40:08] 63 docs en attente…
[2026-06-30 09:40:08]   → fa200745 Squat et écriture
[2026-06-30 09:40:10] 63 docs en attente…
[2026-06-30 09:40:10]   → fa200745 Squat et écriture
[2026-06-30 09:40:11] 63 docs en attente…
[2026-06-30 09:40:11]   → fa200745 Squat et écriture
[2026-06-30 09:40:12] 63 docs en attente…
[2026-06-30 09:40:12]   → fa200745 Squat et écriture
[2026-06-30 09:40:13] 63 docs en attente…
[2026-06-30 09:40:13]   → fa200745 Squat et écriture
[2026-06-30 09:40:15] 63 docs en attente…
[2026-06-30 09:40:15]   → fa200745 Squat et écriture
[2026-06-30 09:40:16] 63 docs en attente…
[2026-06-30 09:40:16]   → fa200745 Squat et écriture
[2026-06-30 09:40:18] 63 docs en attente…
[2026-06-30 09:40:18]   → fa200745 Squat et écriture
[2026-06-30 09:40:19] 63 docs en attente…
[2026-06-30 09:40:19]   → fa200745 Squat et écriture
[2026-06-30 09:40:21] 63 docs en attente…
[2026-06-30 09:40:21]   → fa200745 Squat et écriture
[2026-06-30 09:40:22] 63 docs en attente…
[2026-06-30 09:40:22]   → fa200745 Squat et écriture
[2026-06-30 09:40:23] 63 docs en attente…
[2026-06-30 09:40:23]   → fa200745 Squat et écriture
[2026-06-30 09:40:25] 63 docs en attente…
[2026-06-30 09:40:25]   → fa200745 Squat et écriture
[2026-06-30 09:40:26] 63 docs en attente…
[2026-06-30 09:40:26]   → fa200745 Squat et écriture
[2026-06-30 09:40:28] 63 docs en attente…
[2026-06-30 09:40:28]   → fa200745 Squat et écriture
[2026-06-30 09:40:29] 63 docs en attente…
[2026-06-30 09:40:29]   → fa200745 Squat et écriture
[2026-06-30 09:40:30] 63 docs en attente…
[2026-06-30 09:40:31]   → fa200745 Squat et écriture
[2026-06-30 09:40:32] 63 docs en attente…
[2026-06-30 09:40:32]   → fa200745 Squat et écriture
[2026-06-30 09:40:33] 63 docs en attente…
[2026-06-30 09:40:33]   → fa200745 Squat et écriture
[2026-06-30 09:40:35] 63 docs en attente…
[2026-06-30 09:40:35]   → fa200745 Squat et écriture
[2026-06-30 09:40:36] 63 docs en attente…
[2026-06-30 09:40:36]   → fa200745 Squat et écriture
[2026-06-30 09:40:37] 63 docs en attente…
[2026-06-30 09:40:37]   → fa200745 Squat et écriture
[2026-06-30 09:40:39] 63 docs en attente…
[2026-06-30 09:40:39]   → fa200745 Squat et écriture
[2026-06-30 09:40:40] 63 docs en attente…
[2026-06-30 09:40:40]   → fa200745 Squat et écriture
[2026-06-30 09:40:41] 63 docs en attente…
[2026-06-30 09:40:42]   → fa200745 Squat et écriture
[2026-06-30 09:40:43] 63 docs en attente…
[2026-06-30 09:40:43]   → fa200745 Squat et écriture
[2026-06-30 09:40:44] 63 docs en attente…
[2026-06-30 09:40:44]   → fa200745 Squat et écriture
[2026-06-30 09:40:46] 63 docs en attente…
[2026-06-30 09:40:46]   → fa200745 Squat et écriture
[2026-06-30 09:40:47] 63 docs en attente…
[2026-06-30 09:40:47]   → fa200745 Squat et écriture
[2026-06-30 09:40:48] 63 docs en attente…
[2026-06-30 09:40:48]   → fa200745 Squat et écriture
[2026-06-30 09:40:50] 63 docs en attente…
[2026-06-30 09:40:50]   → fa200745 Squat et écriture
[2026-06-30 09:40:51] 63 docs en attente…
[2026-06-30 09:40:51]   → fa200745 Squat et écriture
[2026-06-30 09:40:52] 63 docs en attente…
[2026-06-30 09:40:52]   → fa200745 Squat et écriture
[2026-06-30 09:40:53] 63 docs en attente…
[2026-06-30 09:40:54]   → fa200745 Squat et écriture
[2026-06-30 09:40:55] 63 docs en attente…
[2026-06-30 09:40:55]   → fa200745 Squat et écriture
[2026-06-30 09:40:56] 63 docs en attente…
[2026-06-30 09:40:56]   → fa200745 Squat et écriture
[2026-06-30 09:40:57] 63 docs en attente…
[2026-06-30 09:40:57]   → fa200745 Squat et écriture
[2026-06-30 09:40:59] 63 docs en attente…
[2026-06-30 09:40:59]   → fa200745 Squat et écriture
[2026-06-30 09:41:00] 63 docs en attente…
[2026-06-30 09:41:00]   → fa200745 Squat et écriture
[2026-06-30 09:41:01] 63 docs en attente…
[2026-06-30 09:41:01]   → fa200745 Squat et écriture
[2026-06-30 09:41:03] 63 docs en attente…
[2026-06-30 09:41:03]   → fa200745 Squat et écriture
[2026-06-30 09:41:04] 63 docs en attente…
[2026-06-30 09:41:04]   → fa200745 Squat et écriture
[2026-06-30 09:41:05] 63 docs en attente…
[2026-06-30 09:41:05]   → fa200745 Squat et écriture
[2026-06-30 09:41:06] 63 docs en attente…
[2026-06-30 09:41:07]   → fa200745 Squat et écriture
[2026-06-30 09:41:08] 63 docs en attente…
[2026-06-30 09:41:08]   → fa200745 Squat et écriture
[2026-06-30 09:41:09] 63 docs en attente…
[2026-06-30 09:41:09]   → fa200745 Squat et écriture
[2026-06-30 09:41:10] 63 docs en attente…
[2026-06-30 09:41:10]   → fa200745 Squat et écriture
[2026-06-30 09:41:12] 63 docs en attente…
[2026-06-30 09:41:12]   → fa200745 Squat et écriture
[2026-06-30 09:41:14] 63 docs en attente…
[2026-06-30 09:41:14]   → fa200745 Squat et écriture
[2026-06-30 09:41:15] 63 docs en attente…
[2026-06-30 09:41:15]   → fa200745 Squat et écriture
[2026-06-30 09:41:16] 63 docs en attente…
[2026-06-30 09:41:16]   → fa200745 Squat et écriture
[2026-06-30 09:41:17] 63 docs en attente…
[2026-06-30 09:41:17]   → fa200745 Squat et écriture
[2026-06-30 09:41:19] 63 docs en attente…
[2026-06-30 09:41:19]   → fa200745 Squat et écriture
[2026-06-30 09:41:20] 63 docs en attente…
[2026-06-30 09:41:20]   → fa200745 Squat et écriture
[2026-06-30 09:41:21] 63 docs en attente…
[2026-06-30 09:41:21]   → fa200745 Squat et écriture
[2026-06-30 09:41:23] 63 docs en attente…
[2026-06-30 09:41:23]   → fa200745 Squat et écriture
[2026-06-30 09:41:24] 63 docs en attente…
[2026-06-30 09:41:24]   → fa200745 Squat et écriture
[2026-06-30 09:41:25] 63 docs en attente…
[2026-06-30 09:41:25]   → fa200745 Squat et écriture
[2026-06-30 09:41:27] 63 docs en attente…
[2026-06-30 09:41:27]   → fa200745 Squat et écriture
[2026-06-30 09:41:28] 63 docs en attente…
[2026-06-30 09:41:28]   → fa200745 Squat et écriture
[2026-06-30 09:41:29] 63 docs en attente…
[2026-06-30 09:41:29]   → fa200745 Squat et écriture
[2026-06-30 09:41:30] 63 docs en attente…
[2026-06-30 09:41:31]   → fa200745 Squat et écriture
[2026-06-30 09:41:32] 63 docs en attente…
[2026-06-30 09:41:32]   → fa200745 Squat et écriture
[2026-06-30 09:41:33] 63 docs en attente…
[2026-06-30 09:41:33]   → fa200745 Squat et écriture
[2026-06-30 09:41:35] 63 docs en attente…
[2026-06-30 09:41:35]   → fa200745 Squat et écriture
[2026-06-30 09:41:36] 63 docs en attente…
[2026-06-30 09:41:36]   → fa200745 Squat et écriture
[2026-06-30 09:41:38] 63 docs en attente…
[2026-06-30 09:41:38]   → fa200745 Squat et écriture
[2026-06-30 09:41:39] 63 docs en attente…
[2026-06-30 09:41:39]   → fa200745 Squat et écriture
[2026-06-30 09:41:40] 63 docs en attente…
[2026-06-30 09:41:40]   → fa200745 Squat et écriture
[2026-06-30 09:41:42] 63 docs en attente…
[2026-06-30 09:41:42]   → fa200745 Squat et écriture
[2026-06-30 09:41:43] 63 docs en attente…
[2026-06-30 09:41:43]   → fa200745 Squat et écriture
[2026-06-30 09:41:45] 63 docs en attente…
[2026-06-30 09:41:45]   → fa200745 Squat et écriture
[2026-06-30 09:41:46] 63 docs en attente…
[2026-06-30 09:41:46]   → fa200745 Squat et écriture
[2026-06-30 09:41:48] 63 docs en attente…
[2026-06-30 09:41:48]   → fa200745 Squat et écriture
[2026-06-30 09:41:49] 63 docs en attente…
[2026-06-30 09:41:49]   → fa200745 Squat et écriture
[2026-06-30 09:41:50] 63 docs en attente…
[2026-06-30 09:41:50]   → fa200745 Squat et écriture
[2026-06-30 09:41:51] 63 docs en attente…
[2026-06-30 09:41:51]   → fa200745 Squat et écriture
[2026-06-30 09:41:53] 63 docs en attente…
[2026-06-30 09:41:53]   → fa200745 Squat et écriture
[2026-06-30 09:41:54] 63 docs en attente…
[2026-06-30 09:41:54]   → fa200745 Squat et écriture
[2026-06-30 09:41:55] 63 docs en attente…
[2026-06-30 09:41:55]   → fa200745 Squat et écriture
[2026-06-30 09:41:57] 63 docs en attente…
[2026-06-30 09:41:57]   → fa200745 Squat et écriture
[2026-06-30 09:41:58] 63 docs en attente…
[2026-06-30 09:41:58]   → fa200745 Squat et écriture
[2026-06-30 09:41:59] 63 docs en attente…
[2026-06-30 09:41:59]   → fa200745 Squat et écriture
[2026-06-30 09:42:01] 63 docs en attente…
[2026-06-30 09:42:01]   → fa200745 Squat et écriture
[2026-06-30 09:42:02] 63 docs en attente…
[2026-06-30 09:42:02]   → fa200745 Squat et écriture
[2026-06-30 09:42:03] 63 docs en attente…
[2026-06-30 09:42:03]   → fa200745 Squat et écriture
[2026-06-30 09:42:04] 63 docs en attente…
[2026-06-30 09:42:05]   → fa200745 Squat et écriture
[2026-06-30 09:42:06] 63 docs en attente…
[2026-06-30 09:42:06]   → fa200745 Squat et écriture
[2026-06-30 09:42:07] 63 docs en attente…
[2026-06-30 09:42:07]   → fa200745 Squat et écriture
[2026-06-30 09:42:08] 63 docs en attente…
[2026-06-30 09:42:08]   → fa200745 Squat et écriture
[2026-06-30 09:42:10] 63 docs en attente…
[2026-06-30 09:42:10]   → fa200745 Squat et écriture
[2026-06-30 09:42:11] 63 docs en attente…
[2026-06-30 09:42:11]   → fa200745 Squat et écriture
[2026-06-30 09:42:12] 63 docs en attente…
[2026-06-30 09:42:12]   → fa200745 Squat et écriture
[2026-06-30 09:42:14] 63 docs en attente…
[2026-06-30 09:42:14]   → fa200745 Squat et écriture
[2026-06-30 09:42:15] 63 docs en attente…
[2026-06-30 09:42:15]   → fa200745 Squat et écriture
[2026-06-30 09:42:16] 63 docs en attente…
[2026-06-30 09:42:16]   → fa200745 Squat et écriture
[2026-06-30 09:42:18] 63 docs en attente…
[2026-06-30 09:42:18]   → fa200745 Squat et écriture
[2026-06-30 09:42:19] 63 docs en attente…
[2026-06-30 09:42:19]   → fa200745 Squat et écriture
[2026-06-30 09:42:20] 63 docs en attente…
[2026-06-30 09:42:20]   → fa200745 Squat et écriture
[2026-06-30 09:42:21] 63 docs en attente…
[2026-06-30 09:42:21]   → fa200745 Squat et écriture
[2026-06-30 09:42:23] 63 docs en attente…
[2026-06-30 09:42:23]   → fa200745 Squat et écriture
[2026-06-30 09:42:24] 63 docs en attente…
[2026-06-30 09:42:24]   → fa200745 Squat et écriture
[2026-06-30 09:42:25] 63 docs en attente…
[2026-06-30 09:42:25]   → fa200745 Squat et écriture
[2026-06-30 09:42:27] 63 docs en attente…
[2026-06-30 09:42:27]   → fa200745 Squat et écriture
[2026-06-30 09:42:28] 63 docs en attente…
[2026-06-30 09:42:28]   → fa200745 Squat et écriture
[2026-06-30 09:42:30] 63 docs en attente…
[2026-06-30 09:42:30]   → fa200745 Squat et écriture
[2026-06-30 09:42:31] 63 docs en attente…
[2026-06-30 09:42:31]   → fa200745 Squat et écriture
[2026-06-30 09:42:33] 63 docs en attente…
[2026-06-30 09:42:33]   → fa200745 Squat et écriture
[2026-06-30 09:42:35] 63 docs en attente…
[2026-06-30 09:42:35]   → fa200745 Squat et écriture
[2026-06-30 09:42:36] 63 docs en attente…
[2026-06-30 09:42:36]   → fa200745 Squat et écriture
[2026-06-30 09:42:38] 63 docs en attente…
[2026-06-30 09:42:38]   → fa200745 Squat et écriture
[2026-06-30 09:42:39] 63 docs en attente…
[2026-06-30 09:42:39]   → fa200745 Squat et écriture
[2026-06-30 09:42:41] 63 docs en attente…
[2026-06-30 09:42:41]   → fa200745 Squat et écriture
[2026-06-30 09:42:42] 63 docs en attente…
[2026-06-30 09:42:42]   → fa200745 Squat et écriture
[2026-06-30 09:42:44] 63 docs en attente…
[2026-06-30 09:42:44]   → fa200745 Squat et écriture
[2026-06-30 09:42:45] 63 docs en attente…
[2026-06-30 09:42:45]   → fa200745 Squat et écriture
[2026-06-30 09:42:47] 63 docs en attente…
[2026-06-30 09:42:47]   → fa200745 Squat et écriture
[2026-06-30 09:42:48] 63 docs en attente…
[2026-06-30 09:42:49]   → fa200745 Squat et écriture
[2026-06-30 09:42:50] 63 docs en attente…
[2026-06-30 09:42:50]   → fa200745 Squat et écriture
[2026-06-30 09:42:51] 63 docs en attente…
[2026-06-30 09:42:52]   → fa200745 Squat et écriture
[2026-06-30 09:42:53] 63 docs en attente…
[2026-06-30 09:42:53]   → fa200745 Squat et écriture
[2026-06-30 09:42:54] 63 docs en attente…
[2026-06-30 09:42:54]   → fa200745 Squat et écriture
[2026-06-30 09:42:55] 63 docs en attente…
[2026-06-30 09:42:55]   → fa200745 Squat et écriture
[2026-06-30 09:42:57] 63 docs en attente…
[2026-06-30 09:42:57]   → fa200745 Squat et écriture
[2026-06-30 09:42:58] 63 docs en attente…
[2026-06-30 09:42:58]   → fa200745 Squat et écriture
[2026-06-30 09:42:59] 63 docs en attente…
[2026-06-30 09:42:59]   → fa200745 Squat et écriture
[2026-06-30 09:43:01] 63 docs en attente…
[2026-06-30 09:43:01]   → fa200745 Squat et écriture
[2026-06-30 09:43:02] 63 docs en attente…
[2026-06-30 09:43:02]   → fa200745 Squat et écriture
[2026-06-30 09:43:03] 63 docs en attente…
[2026-06-30 09:43:03]   → fa200745 Squat et écriture
[2026-06-30 09:43:04] 63 docs en attente…
[2026-06-30 09:43:04]   → fa200745 Squat et écriture
[2026-06-30 09:43:06] 63 docs en attente…
[2026-06-30 09:43:06]   → fa200745 Squat et écriture
[2026-06-30 09:43:07] 63 docs en attente…
[2026-06-30 09:43:07]   → fa200745 Squat et écriture
[2026-06-30 09:43:08] 63 docs en attente…
[2026-06-30 09:43:08]   → fa200745 Squat et écriture
[2026-06-30 09:43:10] 63 docs en attente…
[2026-06-30 09:43:10]   → fa200745 Squat et écriture
[2026-06-30 09:43:11] 63 docs en attente…
[2026-06-30 09:43:11]   → fa200745 Squat et écriture
[2026-06-30 09:43:12] 63 docs en attente…
[2026-06-30 09:43:12]   → fa200745 Squat et écriture
[2026-06-30 09:43:14] 63 docs en attente…
[2026-06-30 09:43:14]   → fa200745 Squat et écriture
[2026-06-30 09:43:15] 63 docs en attente…
[2026-06-30 09:43:15]   → fa200745 Squat et écriture
[2026-06-30 09:43:16] 63 docs en attente…
[2026-06-30 09:43:16]   → fa200745 Squat et écriture
[2026-06-30 09:43:17] 63 docs en attente…
[2026-06-30 09:43:17]   → fa200745 Squat et écriture
[2026-06-30 09:43:19] 63 docs en attente…
[2026-06-30 09:43:19]   → fa200745 Squat et écriture
[2026-06-30 09:43:20] 63 docs en attente…
[2026-06-30 09:43:21]   → fa200745 Squat et écriture
[2026-06-30 09:43:22] 63 docs en attente…
[2026-06-30 09:43:22]   → fa200745 Squat et écriture
[2026-06-30 09:43:23] 63 docs en attente…
[2026-06-30 09:43:23]   → fa200745 Squat et écriture
[2026-06-30 09:43:24] 63 docs en attente…
[2026-06-30 09:43:24]   → fa200745 Squat et écriture
[2026-06-30 09:43:26] 63 docs en attente…
[2026-06-30 09:43:26]   → fa200745 Squat et écriture
[2026-06-30 09:43:27] 63 docs en attente…
[2026-06-30 09:43:27]   → fa200745 Squat et écriture
[2026-06-30 09:43:28] 63 docs en attente…
[2026-06-30 09:43:28]   → fa200745 Squat et écriture
[2026-06-30 09:43:30] 63 docs en attente…
[2026-06-30 09:43:30]   → fa200745 Squat et écriture
[2026-06-30 09:43:31] 63 docs en attente…
[2026-06-30 09:43:31]   → fa200745 Squat et écriture
[2026-06-30 09:43:33] 63 docs en attente…
[2026-06-30 09:43:33]   → fa200745 Squat et écriture
[2026-06-30 09:43:34] 63 docs en attente…
[2026-06-30 09:43:34]   → fa200745 Squat et écriture
[2026-06-30 09:43:36] 63 docs en attente…
[2026-06-30 09:43:36]   → fa200745 Squat et écriture
[2026-06-30 09:43:37] 63 docs en attente…
[2026-06-30 09:43:37]   → fa200745 Squat et écriture
[2026-06-30 09:43:38] 63 docs en attente…
[2026-06-30 09:43:38]   → fa200745 Squat et écriture
[2026-06-30 09:43:40] 63 docs en attente…
[2026-06-30 09:43:40]   → fa200745 Squat et écriture
[2026-06-30 09:43:42] 63 docs en attente…
[2026-06-30 09:43:42]   → fa200745 Squat et écriture
[2026-06-30 09:43:43] 63 docs en attente…
[2026-06-30 09:43:43]   → fa200745 Squat et écriture
[2026-06-30 09:43:45] 63 docs en attente…
[2026-06-30 09:43:45]   → fa200745 Squat et écriture
[2026-06-30 09:43:46] 63 docs en attente…
[2026-06-30 09:43:46]   → fa200745 Squat et écriture
[2026-06-30 09:43:48] 63 docs en attente…
[2026-06-30 09:43:48]   → fa200745 Squat et écriture
[2026-06-30 09:43:49] 63 docs en attente…
[2026-06-30 09:43:49]   → fa200745 Squat et écriture
[2026-06-30 09:43:51] 63 docs en attente…
[2026-06-30 09:43:51]   → fa200745 Squat et écriture
[2026-06-30 09:43:52] 63 docs en attente…
[2026-06-30 09:43:52]   → fa200745 Squat et écriture
[2026-06-30 09:43:53] 63 docs en attente…
[2026-06-30 09:43:53]   → fa200745 Squat et écriture
[2026-06-30 09:43:54] 63 docs en attente…
[2026-06-30 09:43:54]   → fa200745 Squat et écriture
[2026-06-30 09:43:56] 63 docs en attente…
[2026-06-30 09:43:56]   → fa200745 Squat et écriture
[2026-06-30 09:43:57] 63 docs en attente…
[2026-06-30 09:43:57]   → fa200745 Squat et écriture
[2026-06-30 09:43:58] 63 docs en attente…
[2026-06-30 09:43:58]   → fa200745 Squat et écriture
[2026-06-30 09:44:00] 63 docs en attente…
[2026-06-30 09:44:00]   → fa200745 Squat et écriture
[2026-06-30 09:44:01] 63 docs en attente…
[2026-06-30 09:44:01]   → fa200745 Squat et écriture
[2026-06-30 09:44:02] 63 docs en attente…
[2026-06-30 09:44:02]   → fa200745 Squat et écriture
[2026-06-30 09:44:04] 63 docs en attente…
[2026-06-30 09:44:04]   → fa200745 Squat et écriture
[2026-06-30 09:44:05] 63 docs en attente…
[2026-06-30 09:44:05]   → fa200745 Squat et écriture
[2026-06-30 09:44:07] 63 docs en attente…
[2026-06-30 09:44:07]   → fa200745 Squat et écriture
[2026-06-30 09:44:09] 63 docs en attente…
[2026-06-30 09:44:09]   → fa200745 Squat et écriture
[2026-06-30 09:44:10] 63 docs en attente…
[2026-06-30 09:44:10]   → fa200745 Squat et écriture
[2026-06-30 09:44:12] 63 docs en attente…
[2026-06-30 09:44:12]   → fa200745 Squat et écriture
[2026-06-30 09:44:13] 63 docs en attente…
[2026-06-30 09:44:13]   → fa200745 Squat et écriture
[2026-06-30 09:44:15] 63 docs en attente…
[2026-06-30 09:44:15]   → fa200745 Squat et écriture
[2026-06-30 09:44:16] 63 docs en attente…
[2026-06-30 09:44:16]   → fa200745 Squat et écriture
[2026-06-30 09:44:17] 63 docs en attente…
[2026-06-30 09:44:17]   → fa200745 Squat et écriture
[2026-06-30 09:44:19] 63 docs en attente…
[2026-06-30 09:44:19]   → fa200745 Squat et écriture
[2026-06-30 09:44:20] 63 docs en attente…
[2026-06-30 09:44:20]   → fa200745 Squat et écriture
[2026-06-30 09:44:21] 63 docs en attente…
[2026-06-30 09:44:21]   → fa200745 Squat et écriture
[2026-06-30 09:44:22] 63 docs en attente…
[2026-06-30 09:44:23]   → fa200745 Squat et écriture
[2026-06-30 09:44:24] 63 docs en attente…
[2026-06-30 09:44:24]   → fa200745 Squat et écriture
[2026-06-30 09:44:25] 63 docs en attente…
[2026-06-30 09:44:25]   → fa200745 Squat et écriture
[2026-06-30 09:44:26] 63 docs en attente…
[2026-06-30 09:44:26]   → fa200745 Squat et écriture
[2026-06-30 09:44:28] 63 docs en attente…
[2026-06-30 09:44:28]   → fa200745 Squat et écriture
[2026-06-30 09:44:29] 63 docs en attente…
[2026-06-30 09:44:29]   → fa200745 Squat et écriture
[2026-06-30 09:44:30] 63 docs en attente…
[2026-06-30 09:44:30]   → fa200745 Squat et écriture
[2026-06-30 09:44:32] 63 docs en attente…
[2026-06-30 09:44:32]   → fa200745 Squat et écriture
[2026-06-30 09:44:33] 63 docs en attente…
[2026-06-30 09:44:33]   → fa200745 Squat et écriture
[2026-06-30 09:44:34] 63 docs en attente…
[2026-06-30 09:44:34]   → fa200745 Squat et écriture
[2026-06-30 09:44:35] 63 docs en attente…
[2026-06-30 09:44:35]   → fa200745 Squat et écriture
[2026-06-30 09:44:37] 63 docs en attente…
[2026-06-30 09:44:37]   → fa200745 Squat et écriture
[2026-06-30 09:44:38] 63 docs en attente…
[2026-06-30 09:44:38]   → fa200745 Squat et écriture
[2026-06-30 09:44:40] 63 docs en attente…
[2026-06-30 09:44:40]   → fa200745 Squat et écriture
[2026-06-30 09:44:41] 63 docs en attente…
[2026-06-30 09:44:41]   → fa200745 Squat et écriture
[2026-06-30 09:44:42] 63 docs en attente…
[2026-06-30 09:44:43]   → fa200745 Squat et écriture
[2026-06-30 09:44:44] 63 docs en attente…
[2026-06-30 09:44:44]   → fa200745 Squat et écriture
[2026-06-30 09:44:45] 63 docs en attente…
[2026-06-30 09:44:45]   → fa200745 Squat et écriture
[2026-06-30 09:44:47] 63 docs en attente…
[2026-06-30 09:44:47]   → fa200745 Squat et écriture
[2026-06-30 09:44:48] 63 docs en attente…
[2026-06-30 09:44:48]   → fa200745 Squat et écriture
[2026-06-30 09:44:50] 63 docs en attente…
[2026-06-30 09:44:50]   → fa200745 Squat et écriture
[2026-06-30 09:44:51] 63 docs en attente…
[2026-06-30 09:44:51]   → fa200745 Squat et écriture
[2026-06-30 09:44:53] 63 docs en attente…
[2026-06-30 09:44:53]   → fa200745 Squat et écriture
[2026-06-30 09:44:54] 63 docs en attente…
[2026-06-30 09:44:54]   → fa200745 Squat et écriture
[2026-06-30 09:44:55] 63 docs en attente…
[2026-06-30 09:44:55]   → fa200745 Squat et écriture
[2026-06-30 09:44:57] 63 docs en attente…
[2026-06-30 09:44:57]   → fa200745 Squat et écriture
[2026-06-30 09:44:58] 63 docs en attente…
[2026-06-30 09:44:58]   → fa200745 Squat et écriture
[2026-06-30 09:45:00] 63 docs en attente…
[2026-06-30 09:45:00]   → fa200745 Squat et écriture
[2026-06-30 09:45:01] 63 docs en attente…
[2026-06-30 09:45:01]   → fa200745 Squat et écriture
[2026-06-30 09:45:03] 63 docs en attente…
[2026-06-30 09:45:03]   → fa200745 Squat et écriture
[2026-06-30 09:45:04] 63 docs en attente…
[2026-06-30 09:45:04]   → fa200745 Squat et écriture
[2026-06-30 09:45:05] 63 docs en attente…
[2026-06-30 09:45:05]   → fa200745 Squat et écriture
[2026-06-30 09:45:07] 63 docs en attente…
[2026-06-30 09:45:07]   → fa200745 Squat et écriture
[2026-06-30 09:45:08] 63 docs en attente…
[2026-06-30 09:45:08]   → fa200745 Squat et écriture
[2026-06-30 09:45:09] 63 docs en attente…
[2026-06-30 09:45:09]   → fa200745 Squat et écriture
[2026-06-30 09:45:11] 63 docs en attente…
[2026-06-30 09:45:11]   → fa200745 Squat et écriture
[2026-06-30 09:45:12] 63 docs en attente…
[2026-06-30 09:45:12]   → fa200745 Squat et écriture
[2026-06-30 09:45:13] 63 docs en attente…
[2026-06-30 09:45:14]   → fa200745 Squat et écriture
[2026-06-30 09:45:15] 63 docs en attente…
[2026-06-30 09:45:15]   → fa200745 Squat et écriture
[2026-06-30 09:45:16] 63 docs en attente…
[2026-06-30 09:45:16]   → fa200745 Squat et écriture
[2026-06-30 09:45:18] 63 docs en attente…
[2026-06-30 09:45:18]   → fa200745 Squat et écriture
[2026-06-30 09:45:19] 63 docs en attente…
[2026-06-30 09:45:19]   → fa200745 Squat et écriture
[2026-06-30 09:45:20] 63 docs en attente…
[2026-06-30 09:45:20]   → fa200745 Squat et écriture
[2026-06-30 09:45:22] 63 docs en attente…
[2026-06-30 09:45:22]   → fa200745 Squat et écriture
[2026-06-30 09:45:23] 63 docs en attente…
[2026-06-30 09:45:23]   → fa200745 Squat et écriture
[2026-06-30 09:45:24] 63 docs en attente…
[2026-06-30 09:45:24]   → fa200745 Squat et écriture
[2026-06-30 09:45:26] 63 docs en attente…
[2026-06-30 09:45:26]   → fa200745 Squat et écriture
[2026-06-30 09:45:27] 63 docs en attente…
[2026-06-30 09:45:27]   → fa200745 Squat et écriture
[2026-06-30 09:45:29] 63 docs en attente…
[2026-06-30 09:45:29]   → fa200745 Squat et écriture
[2026-06-30 09:45:30] 63 docs en attente…
[2026-06-30 09:45:30]   → fa200745 Squat et écriture
[2026-06-30 09:45:31] 63 docs en attente…
[2026-06-30 09:45:31]   → fa200745 Squat et écriture
[2026-06-30 09:45:33] 63 docs en attente…
[2026-06-30 09:45:33]   → fa200745 Squat et écriture
[2026-06-30 09:45:34] 63 docs en attente…
[2026-06-30 09:45:34]   → fa200745 Squat et écriture
[2026-06-30 09:45:35] 63 docs en attente…
[2026-06-30 09:45:35]   → fa200745 Squat et écriture
[2026-06-30 09:45:37] 63 docs en attente…
[2026-06-30 09:45:37]   → fa200745 Squat et écriture
[2026-06-30 09:45:38] 63 docs en attente…
[2026-06-30 09:45:38]   → fa200745 Squat et écriture
[2026-06-30 09:45:40] 63 docs en attente…
[2026-06-30 09:45:40]   → fa200745 Squat et écriture
[2026-06-30 09:45:41] 63 docs en attente…
[2026-06-30 09:45:41]   → fa200745 Squat et écriture
[2026-06-30 09:45:42] 63 docs en attente…
[2026-06-30 09:45:42]   → fa200745 Squat et écriture
[2026-06-30 09:45:44] 63 docs en attente…
[2026-06-30 09:45:44]   → fa200745 Squat et écriture
[2026-06-30 09:45:45] 63 docs en attente…
[2026-06-30 09:45:45]   → fa200745 Squat et écriture
[2026-06-30 09:45:46] 63 docs en attente…
[2026-06-30 09:45:46]   → fa200745 Squat et écriture
[2026-06-30 09:45:47] 63 docs en attente…
[2026-06-30 09:45:48]   → fa200745 Squat et écriture
[2026-06-30 09:45:49] 63 docs en attente…
[2026-06-30 09:45:49]   → fa200745 Squat et écriture
[2026-06-30 09:45:50] 63 docs en attente…
[2026-06-30 09:45:50]   → fa200745 Squat et écriture
[2026-06-30 09:45:51] 63 docs en attente…
[2026-06-30 09:45:51]   → fa200745 Squat et écriture
[2026-06-30 09:45:53] 63 docs en attente…
[2026-06-30 09:45:53]   → fa200745 Squat et écriture
[2026-06-30 09:45:54] 63 docs en attente…
[2026-06-30 09:45:54]   → fa200745 Squat et écriture
[2026-06-30 09:45:55] 63 docs en attente…
[2026-06-30 09:45:55]   → fa200745 Squat et écriture
[2026-06-30 09:45:57] 63 docs en attente…
[2026-06-30 09:45:57]   → fa200745 Squat et écriture
[2026-06-30 09:45:58] 63 docs en attente…
[2026-06-30 09:45:58]   → fa200745 Squat et écriture
[2026-06-30 09:46:00] 63 docs en attente…
[2026-06-30 09:46:00]   → fa200745 Squat et écriture
[2026-06-30 09:46:01] 63 docs en attente…
[2026-06-30 09:46:01]   → fa200745 Squat et écriture
[2026-06-30 09:46:02] 63 docs en attente…
[2026-06-30 09:46:02]   → fa200745 Squat et écriture
[2026-06-30 09:46:04] 63 docs en attente…
[2026-06-30 09:46:04]   → fa200745 Squat et écriture
[2026-06-30 09:46:05] 63 docs en attente…
[2026-06-30 09:46:05]   → fa200745 Squat et écriture
[2026-06-30 09:46:07] 63 docs en attente…
[2026-06-30 09:46:07]   → fa200745 Squat et écriture
[2026-06-30 09:46:08] 63 docs en attente…
[2026-06-30 09:46:08]   → fa200745 Squat et écriture
[2026-06-30 09:46:09] 63 docs en attente…
[2026-06-30 09:46:09]   → fa200745 Squat et écriture
[2026-06-30 09:46:11] 63 docs en attente…
[2026-06-30 09:46:11]   → fa200745 Squat et écriture
[2026-06-30 09:46:12] 63 docs en attente…
[2026-06-30 09:46:12]   → fa200745 Squat et écriture
[2026-06-30 09:46:14] 63 docs en attente…
[2026-06-30 09:46:14]   → fa200745 Squat et écriture
[2026-06-30 09:46:15] 63 docs en attente…
[2026-06-30 09:46:15]   → fa200745 Squat et écriture
[2026-06-30 09:46:16] 63 docs en attente…
[2026-06-30 09:46:16]   → fa200745 Squat et écriture
[2026-06-30 09:46:18] 63 docs en attente…
[2026-06-30 09:46:18]   → fa200745 Squat et écriture
[2026-06-30 09:46:19] 63 docs en attente…
[2026-06-30 09:46:19]   → fa200745 Squat et écriture
[2026-06-30 09:46:20] 63 docs en attente…
[2026-06-30 09:46:20]   → fa200745 Squat et écriture
[2026-06-30 09:46:22] 63 docs en attente…
[2026-06-30 09:46:22]   → fa200745 Squat et écriture
[2026-06-30 09:46:23] 63 docs en attente…
[2026-06-30 09:46:23]   → fa200745 Squat et écriture
[2026-06-30 09:46:24] 63 docs en attente…
[2026-06-30 09:46:25]   → fa200745 Squat et écriture
[2026-06-30 09:46:26] 63 docs en attente…
[2026-06-30 09:46:26]   → fa200745 Squat et écriture
[2026-06-30 09:46:27] 63 docs en attente…
[2026-06-30 09:46:27]   → fa200745 Squat et écriture
[2026-06-30 09:46:29] 63 docs en attente…
[2026-06-30 09:46:29]   → fa200745 Squat et écriture
[2026-06-30 09:46:30] 63 docs en attente…
[2026-06-30 09:46:30]   → fa200745 Squat et écriture
[2026-06-30 09:46:31] 63 docs en attente…
[2026-06-30 09:46:31]   → fa200745 Squat et écriture
[2026-06-30 09:46:33] 63 docs en attente…
[2026-06-30 09:46:33]   → fa200745 Squat et écriture
[2026-06-30 09:46:34] 63 docs en attente…
[2026-06-30 09:46:34]   → fa200745 Squat et écriture
[2026-06-30 09:46:36] 63 docs en attente…
[2026-06-30 09:46:36]   → fa200745 Squat et écriture
[2026-06-30 09:46:37] 63 docs en attente…
[2026-06-30 09:46:37]   → fa200745 Squat et écriture
[2026-06-30 09:46:38] 63 docs en attente…
[2026-06-30 09:46:38]   → fa200745 Squat et écriture
[2026-06-30 09:46:40] 63 docs en attente…
[2026-06-30 09:46:40]   → fa200745 Squat et écriture
[2026-06-30 09:46:41] 63 docs en attente…
[2026-06-30 09:46:41]   → fa200745 Squat et écriture
[2026-06-30 09:46:42] 63 docs en attente…
[2026-06-30 09:46:42]   → fa200745 Squat et écriture
[2026-06-30 09:46:44] 63 docs en attente…
[2026-06-30 09:46:44]   → fa200745 Squat et écriture
[2026-06-30 09:46:45] 63 docs en attente…
[2026-06-30 09:46:45]   → fa200745 Squat et écriture
[2026-06-30 09:46:47] 63 docs en attente…
[2026-06-30 09:46:47]   → fa200745 Squat et écriture
[2026-06-30 09:46:48] 63 docs en attente…
[2026-06-30 09:46:48]   → fa200745 Squat et écriture
[2026-06-30 09:46:49] 63 docs en attente…
[2026-06-30 09:46:49]   → fa200745 Squat et écriture
[2026-06-30 09:46:51] 63 docs en attente…
[2026-06-30 09:46:51]   → fa200745 Squat et écriture
[2026-06-30 09:46:52] 63 docs en attente…
[2026-06-30 09:46:52]   → fa200745 Squat et écriture
[2026-06-30 09:46:53] 63 docs en attente…
[2026-06-30 09:46:53]   → fa200745 Squat et écriture
[2026-06-30 09:46:54] 63 docs en attente…
[2026-06-30 09:46:55]   → fa200745 Squat et écriture
[2026-06-30 09:46:56] 63 docs en attente…
[2026-06-30 09:46:56]   → fa200745 Squat et écriture
[2026-06-30 09:46:57] 63 docs en attente…
[2026-06-30 09:46:57]   → fa200745 Squat et écriture
[2026-06-30 09:46:58] 63 docs en attente…
[2026-06-30 09:46:58]   → fa200745 Squat et écriture
[2026-06-30 09:47:00] 63 docs en attente…
[2026-06-30 09:47:00]   → fa200745 Squat et écriture
[2026-06-30 09:47:01] 63 docs en attente…
[2026-06-30 09:47:01]   → fa200745 Squat et écriture
[2026-06-30 09:47:03] 63 docs en attente…
[2026-06-30 09:47:03]   → fa200745 Squat et écriture
[2026-06-30 09:47:04] 63 docs en attente…
[2026-06-30 09:47:04]   → fa200745 Squat et écriture
[2026-06-30 09:47:06] 63 docs en attente…
[2026-06-30 09:47:06]   → fa200745 Squat et écriture
[2026-06-30 09:47:07] 63 docs en attente…
[2026-06-30 09:47:07]   → fa200745 Squat et écriture
[2026-06-30 09:47:09] 63 docs en attente…
[2026-06-30 09:47:09]   → fa200745 Squat et écriture
[2026-06-30 09:47:10] 63 docs en attente…
[2026-06-30 09:47:10]   → fa200745 Squat et écriture
[2026-06-30 09:47:11] 63 docs en attente…
[2026-06-30 09:47:11]   → fa200745 Squat et écriture
[2026-06-30 09:47:13] 63 docs en attente…
[2026-06-30 09:47:13]   → fa200745 Squat et écriture
[2026-06-30 09:47:14] 63 docs en attente…
[2026-06-30 09:47:14]   → fa200745 Squat et écriture
[2026-06-30 09:47:16] 63 docs en attente…
[2026-06-30 09:47:16]   → fa200745 Squat et écriture
[2026-06-30 09:47:17] 63 docs en attente…
[2026-06-30 09:47:17]   → fa200745 Squat et écriture
[2026-06-30 09:47:18] 63 docs en attente…
[2026-06-30 09:47:18]   → fa200745 Squat et écriture
[2026-06-30 09:47:20] 63 docs en attente…
[2026-06-30 09:47:20]   → fa200745 Squat et écriture
[2026-06-30 09:47:22] 63 docs en attente…
[2026-06-30 09:47:22]   → fa200745 Squat et écriture
[2026-06-30 09:47:23] 63 docs en attente…
[2026-06-30 09:47:23]   → fa200745 Squat et écriture
[2026-06-30 09:47:25] 63 docs en attente…
[2026-06-30 09:47:25]   → fa200745 Squat et écriture
[2026-06-30 09:47:26] 63 docs en attente…
[2026-06-30 09:47:26]   → fa200745 Squat et écriture
[2026-06-30 09:47:27] 63 docs en attente…
[2026-06-30 09:47:27]   → fa200745 Squat et écriture
[2026-06-30 09:47:29] 63 docs en attente…
[2026-06-30 09:47:29]   → fa200745 Squat et écriture
[2026-06-30 09:47:30] 63 docs en attente…
[2026-06-30 09:47:30]   → fa200745 Squat et écriture
[2026-06-30 09:47:32] 63 docs en attente…
[2026-06-30 09:47:32]   → fa200745 Squat et écriture
[2026-06-30 09:47:33] 63 docs en attente…
[2026-06-30 09:47:33]   → fa200745 Squat et écriture
[2026-06-30 09:47:34] 63 docs en attente…
[2026-06-30 09:47:34]   → fa200745 Squat et écriture
[2026-06-30 09:47:36] 63 docs en attente…
[2026-06-30 09:47:36]   → fa200745 Squat et écriture
[2026-06-30 09:47:37] 63 docs en attente…
[2026-06-30 09:47:37]   → fa200745 Squat et écriture
[2026-06-30 09:47:39] 63 docs en attente…
[2026-06-30 09:47:39]   → fa200745 Squat et écriture
[2026-06-30 09:47:40] 63 docs en attente…
[2026-06-30 09:47:40]   → fa200745 Squat et écriture
[2026-06-30 09:47:41] 63 docs en attente…
[2026-06-30 09:47:41]   → fa200745 Squat et écriture
[2026-06-30 09:47:43] 63 docs en attente…
[2026-06-30 09:47:43]   → fa200745 Squat et écriture
[2026-06-30 09:47:44] 63 docs en attente…
[2026-06-30 09:47:44]   → fa200745 Squat et écriture
[2026-06-30 09:47:46] 63 docs en attente…
[2026-06-30 09:47:46]   → fa200745 Squat et écriture
[2026-06-30 09:47:47] 63 docs en attente…
[2026-06-30 09:47:47]   → fa200745 Squat et écriture
[2026-06-30 09:47:48] 63 docs en attente…
[2026-06-30 09:47:48]   → fa200745 Squat et écriture
[2026-06-30 09:47:49] 63 docs en attente…
[2026-06-30 09:47:49]   → fa200745 Squat et écriture
[2026-06-30 09:47:51] 63 docs en attente…
[2026-06-30 09:47:51]   → fa200745 Squat et écriture
[2026-06-30 09:47:52] 63 docs en attente…
[2026-06-30 09:47:52]   → fa200745 Squat et écriture
[2026-06-30 09:47:53] 63 docs en attente…
[2026-06-30 09:47:53]   → fa200745 Squat et écriture
[2026-06-30 09:47:55] 63 docs en attente…
[2026-06-30 09:47:55]   → fa200745 Squat et écriture
[2026-06-30 09:47:56] 63 docs en attente…
[2026-06-30 09:47:56]   → fa200745 Squat et écriture
[2026-06-30 09:47:57] 63 docs en attente…
[2026-06-30 09:47:57]   → fa200745 Squat et écriture
[2026-06-30 09:47:59] 63 docs en attente…
[2026-06-30 09:47:59]   → fa200745 Squat et écriture
[2026-06-30 09:48:00] 63 docs en attente…
[2026-06-30 09:48:00]   → fa200745 Squat et écriture
[2026-06-30 09:48:01] 63 docs en attente…
[2026-06-30 09:48:01]   → fa200745 Squat et écriture
[2026-06-30 09:48:04] 63 docs en attente…
[2026-06-30 09:48:04]   → fa200745 Squat et écriture
[2026-06-30 09:48:05] 63 docs en attente…
[2026-06-30 09:48:05]   → fa200745 Squat et écriture
[2026-06-30 09:48:07] 63 docs en attente…
[2026-06-30 09:48:07]   → fa200745 Squat et écriture
[2026-06-30 09:48:08] 63 docs en attente…
[2026-06-30 09:48:08]   → fa200745 Squat et écriture
[2026-06-30 09:48:09] 63 docs en attente…
[2026-06-30 09:48:09]   → fa200745 Squat et écriture
[2026-06-30 09:48:11] 63 docs en attente…
[2026-06-30 09:48:11]   → fa200745 Squat et écriture
[2026-06-30 09:48:12] 63 docs en attente…
[2026-06-30 09:48:12]   → fa200745 Squat et écriture
[2026-06-30 09:48:13] 63 docs en attente…
[2026-06-30 09:48:13]   → fa200745 Squat et écriture
[2026-06-30 09:48:15] 63 docs en attente…
[2026-06-30 09:48:15]   → fa200745 Squat et écriture
[2026-06-30 09:48:17] 63 docs en attente…
[2026-06-30 09:48:17]   → fa200745 Squat et écriture
[2026-06-30 09:48:19] 63 docs en attente…
[2026-06-30 09:48:19]   → fa200745 Squat et écriture
[2026-06-30 09:48:21] 63 docs en attente…
[2026-06-30 09:48:21]   → fa200745 Squat et écriture
[2026-06-30 09:48:22] 63 docs en attente…
[2026-06-30 09:48:22]   → fa200745 Squat et écriture
[2026-06-30 09:48:24] 63 docs en attente…
[2026-06-30 09:48:24]   → fa200745 Squat et écriture
[2026-06-30 09:48:25] 63 docs en attente…
[2026-06-30 09:48:25]   → fa200745 Squat et écriture
[2026-06-30 09:48:26] 63 docs en attente…
[2026-06-30 09:48:26]   → fa200745 Squat et écriture
[2026-06-30 09:48:28] 63 docs en attente…
[2026-06-30 09:48:28]   → fa200745 Squat et écriture
[2026-06-30 09:48:29] 63 docs en attente…
[2026-06-30 09:48:29]   → fa200745 Squat et écriture
[2026-06-30 09:48:30] 63 docs en attente…
[2026-06-30 09:48:30]   → fa200745 Squat et écriture
[2026-06-30 09:48:32] 63 docs en attente…
[2026-06-30 09:48:32]   → fa200745 Squat et écriture
[2026-06-30 09:48:33] 63 docs en attente…
[2026-06-30 09:48:33]   → fa200745 Squat et écriture
[2026-06-30 09:48:34] 63 docs en attente…
[2026-06-30 09:48:34]   → fa200745 Squat et écriture
[2026-06-30 09:48:36] 63 docs en attente…
[2026-06-30 09:48:36]   → fa200745 Squat et écriture
[2026-06-30 09:48:37] 63 docs en attente…
[2026-06-30 09:48:37]   → fa200745 Squat et écriture
[2026-06-30 09:48:39] 63 docs en attente…
[2026-06-30 09:48:39]   → fa200745 Squat et écriture
[2026-06-30 09:48:40] 63 docs en attente…
[2026-06-30 09:48:40]   → fa200745 Squat et écriture
[2026-06-30 09:48:41] 63 docs en attente…
[2026-06-30 09:48:41]   → fa200745 Squat et écriture
[2026-06-30 09:48:43] 63 docs en attente…
[2026-06-30 09:48:43]   → fa200745 Squat et écriture
[2026-06-30 09:48:44] 63 docs en attente…
[2026-06-30 09:48:44]   → fa200745 Squat et écriture
[2026-06-30 09:48:46] 63 docs en attente…
[2026-06-30 09:48:46]   → fa200745 Squat et écriture
[2026-06-30 09:48:47] 63 docs en attente…
[2026-06-30 09:48:47]   → fa200745 Squat et écriture
[2026-06-30 09:48:48] 63 docs en attente…
[2026-06-30 09:48:48]   → fa200745 Squat et écriture
[2026-06-30 09:48:50] 63 docs en attente…
[2026-06-30 09:48:50]   → fa200745 Squat et écriture
[2026-06-30 09:48:51] 63 docs en attente…
[2026-06-30 09:48:51]   → fa200745 Squat et écriture
[2026-06-30 09:48:53] 63 docs en attente…
[2026-06-30 09:48:53]   → fa200745 Squat et écriture
[2026-06-30 09:48:55] 63 docs en attente…
[2026-06-30 09:48:55]   → fa200745 Squat et écriture
[2026-06-30 09:48:56] 63 docs en attente…
[2026-06-30 09:48:56]   → fa200745 Squat et écriture
[2026-06-30 09:48:57] 63 docs en attente…
[2026-06-30 09:48:57]   → fa200745 Squat et écriture
[2026-06-30 09:48:59] 63 docs en attente…
[2026-06-30 09:48:59]   → fa200745 Squat et écriture
[2026-06-30 09:49:00] 63 docs en attente…
[2026-06-30 09:49:00]   → fa200745 Squat et écriture
[2026-06-30 09:49:02] 63 docs en attente…
[2026-06-30 09:49:02]   → fa200745 Squat et écriture
[2026-06-30 09:49:03] 63 docs en attente…
[2026-06-30 09:49:03]   → fa200745 Squat et écriture
[2026-06-30 09:49:04] 63 docs en attente…
[2026-06-30 09:49:04]   → fa200745 Squat et écriture
[2026-06-30 09:49:06] 63 docs en attente…
[2026-06-30 09:49:06]   → fa200745 Squat et écriture
[2026-06-30 09:49:07] 63 docs en attente…
[2026-06-30 09:49:07]   → fa200745 Squat et écriture
[2026-06-30 09:49:08] 63 docs en attente…
[2026-06-30 09:49:08]   → fa200745 Squat et écriture
[2026-06-30 09:49:10] 63 docs en attente…
[2026-06-30 09:49:10]   → fa200745 Squat et écriture
[2026-06-30 09:49:11] 63 docs en attente…
[2026-06-30 09:49:11]   → fa200745 Squat et écriture
[2026-06-30 09:49:13] 63 docs en attente…
[2026-06-30 09:49:13]   → fa200745 Squat et écriture
[2026-06-30 09:49:14] 63 docs en attente…
[2026-06-30 09:49:14]   → fa200745 Squat et écriture
[2026-06-30 09:49:15] 63 docs en attente…
[2026-06-30 09:49:15]   → fa200745 Squat et écriture
[2026-06-30 09:49:17] 63 docs en attente…
[2026-06-30 09:49:17]   → fa200745 Squat et écriture
[2026-06-30 09:49:19] 63 docs en attente…
[2026-06-30 09:49:19]   → fa200745 Squat et écriture
[2026-06-30 09:49:20] 63 docs en attente…
[2026-06-30 09:49:20]   → fa200745 Squat et écriture
[2026-06-30 09:49:21] 63 docs en attente…
[2026-06-30 09:49:21]   → fa200745 Squat et écriture
[2026-06-30 09:49:23] 63 docs en attente…
[2026-06-30 09:49:23]   → fa200745 Squat et écriture
[2026-06-30 09:49:24] 63 docs en attente…
[2026-06-30 09:49:24]   → fa200745 Squat et écriture
[2026-06-30 09:49:25] 63 docs en attente…
[2026-06-30 09:49:25]   → fa200745 Squat et écriture
[2026-06-30 09:49:27] 63 docs en attente…
[2026-06-30 09:49:27]   → fa200745 Squat et écriture
[2026-06-30 09:49:28] 63 docs en attente…
[2026-06-30 09:49:28]   → fa200745 Squat et écriture
[2026-06-30 09:49:29] 63 docs en attente…
[2026-06-30 09:49:29]   → fa200745 Squat et écriture
[2026-06-30 09:49:31] 63 docs en attente…
[2026-06-30 09:49:31]   → fa200745 Squat et écriture
[2026-06-30 09:49:32] 63 docs en attente…
[2026-06-30 09:49:32]   → fa200745 Squat et écriture
[2026-06-30 09:49:34] 63 docs en attente…
[2026-06-30 09:49:34]   → fa200745 Squat et écriture
[2026-06-30 09:49:35] 63 docs en attente…
[2026-06-30 09:49:35]   → fa200745 Squat et écriture
[2026-06-30 09:49:36] 63 docs en attente…
[2026-06-30 09:49:36]   → fa200745 Squat et écriture
[2026-06-30 09:49:38] 63 docs en attente…
[2026-06-30 09:49:38]   → fa200745 Squat et écriture
[2026-06-30 09:49:39] 63 docs en attente…
[2026-06-30 09:49:39]   → fa200745 Squat et écriture
[2026-06-30 09:49:40] 63 docs en attente…
[2026-06-30 09:49:40]   → fa200745 Squat et écriture
[2026-06-30 09:49:42] 63 docs en attente…
[2026-06-30 09:49:42]   → fa200745 Squat et écriture
[2026-06-30 09:49:44] 63 docs en attente…
[2026-06-30 09:49:44]   → fa200745 Squat et écriture
[2026-06-30 09:49:45] 63 docs en attente…
[2026-06-30 09:49:45]   → fa200745 Squat et écriture
[2026-06-30 09:49:46] 63 docs en attente…
[2026-06-30 09:49:46]   → fa200745 Squat et écriture
[2026-06-30 09:49:47] 63 docs en attente…
[2026-06-30 09:49:47]   → fa200745 Squat et écriture
[2026-06-30 09:49:49] 63 docs en attente…
[2026-06-30 09:49:49]   → fa200745 Squat et écriture
[2026-06-30 09:49:50] 63 docs en attente…
[2026-06-30 09:49:50]   → fa200745 Squat et écriture
[2026-06-30 09:49:51] 63 docs en attente…
[2026-06-30 09:49:51]   → fa200745 Squat et écriture
[2026-06-30 09:49:53] 63 docs en attente…
[2026-06-30 09:49:53]   → fa200745 Squat et écriture
[2026-06-30 09:49:54] 63 docs en attente…
[2026-06-30 09:49:54]   → fa200745 Squat et écriture
[2026-06-30 09:49:56] 63 docs en attente…
[2026-06-30 09:49:56]   → fa200745 Squat et écriture
[2026-06-30 09:49:57] 63 docs en attente…
[2026-06-30 09:49:57]   → fa200745 Squat et écriture
[2026-06-30 09:49:58] 63 docs en attente…
[2026-06-30 09:49:59]   → fa200745 Squat et écriture
[2026-06-30 09:50:00] 63 docs en attente…
[2026-06-30 09:50:00]   → fa200745 Squat et écriture
[2026-06-30 09:50:01] 63 docs en attente…
[2026-06-30 09:50:01]   → fa200745 Squat et écriture
[2026-06-30 09:50:03] 63 docs en attente…
[2026-06-30 09:50:03]   → fa200745 Squat et écriture
[2026-06-30 09:50:04] 63 docs en attente…
[2026-06-30 09:50:04]   → fa200745 Squat et écriture
[2026-06-30 09:50:05] 63 docs en attente…
[2026-06-30 09:50:05]   → fa200745 Squat et écriture
[2026-06-30 09:50:07] 63 docs en attente…
[2026-06-30 09:50:07]   → fa200745 Squat et écriture
[2026-06-30 09:50:08] 63 docs en attente…
[2026-06-30 09:50:08]   → fa200745 Squat et écriture
[2026-06-30 09:50:09] 63 docs en attente…
[2026-06-30 09:50:10]   → fa200745 Squat et écriture
[2026-06-30 09:50:11] 63 docs en attente…
[2026-06-30 09:50:11]   → fa200745 Squat et écriture
[2026-06-30 09:50:12] 63 docs en attente…
[2026-06-30 09:50:12]   → fa200745 Squat et écriture
[2026-06-30 09:50:14] 63 docs en attente…
[2026-06-30 09:50:14]   → fa200745 Squat et écriture
[2026-06-30 09:50:15] 63 docs en attente…
[2026-06-30 09:50:15]   → fa200745 Squat et écriture
[2026-06-30 09:50:16] 63 docs en attente…
[2026-06-30 09:50:16]   → fa200745 Squat et écriture
[2026-06-30 09:50:18] 63 docs en attente…
[2026-06-30 09:50:18]   → fa200745 Squat et écriture
[2026-06-30 09:50:19] 63 docs en attente…
[2026-06-30 09:50:19]   → fa200745 Squat et écriture
[2026-06-30 09:50:21] 63 docs en attente…
[2026-06-30 09:50:21]   → fa200745 Squat et écriture
[2026-06-30 09:50:22] 63 docs en attente…
[2026-06-30 09:50:22]   → fa200745 Squat et écriture
[2026-06-30 09:50:23] 63 docs en attente…
[2026-06-30 09:50:23]   → fa200745 Squat et écriture
[2026-06-30 09:50:25] 63 docs en attente…
[2026-06-30 09:50:25]   → fa200745 Squat et écriture
[2026-06-30 09:50:26] 63 docs en attente…
[2026-06-30 09:50:26]   → fa200745 Squat et écriture
[2026-06-30 09:50:27] 63 docs en attente…
[2026-06-30 09:50:27]   → fa200745 Squat et écriture
[2026-06-30 09:50:28] 63 docs en attente…
[2026-06-30 09:50:28]   → fa200745 Squat et écriture
[2026-06-30 09:50:30] 63 docs en attente…
[2026-06-30 09:50:30]   → fa200745 Squat et écriture
[2026-06-30 09:50:31] 63 docs en attente…
[2026-06-30 09:50:31]   → fa200745 Squat et écriture
[2026-06-30 09:50:33] 63 docs en attente…
[2026-06-30 09:50:33]   → fa200745 Squat et écriture
[2026-06-30 09:50:34] 63 docs en attente…
[2026-06-30 09:50:34]   → fa200745 Squat et écriture
[2026-06-30 09:50:36] 63 docs en attente…
[2026-06-30 09:50:36]   → fa200745 Squat et écriture
[2026-06-30 09:50:37] 63 docs en attente…
[2026-06-30 09:50:37]   → fa200745 Squat et écriture
[2026-06-30 09:50:39] 63 docs en attente…
[2026-06-30 09:50:39]   → fa200745 Squat et écriture
[2026-06-30 09:50:40] 63 docs en attente…
[2026-06-30 09:50:40]   → fa200745 Squat et écriture
[2026-06-30 09:50:41] 63 docs en attente…
[2026-06-30 09:50:41]   → fa200745 Squat et écriture
[2026-06-30 09:50:43] 63 docs en attente…
[2026-06-30 09:50:43]   → fa200745 Squat et écriture
[2026-06-30 09:50:44] 63 docs en attente…
[2026-06-30 09:50:44]   → fa200745 Squat et écriture
[2026-06-30 09:50:45] 63 docs en attente…
[2026-06-30 09:50:45]   → fa200745 Squat et écriture
[2026-06-30 09:50:47] 63 docs en attente…
[2026-06-30 09:50:47]   → fa200745 Squat et écriture
[2026-06-30 09:50:48] 63 docs en attente…
[2026-06-30 09:50:48]   → fa200745 Squat et écriture
[2026-06-30 09:50:50] 63 docs en attente…
[2026-06-30 09:50:50]   → fa200745 Squat et écriture
[2026-06-30 09:50:51] 63 docs en attente…
[2026-06-30 09:50:51]   → fa200745 Squat et écriture
[2026-06-30 09:50:52] 63 docs en attente…
[2026-06-30 09:50:52]   → fa200745 Squat et écriture
[2026-06-30 09:50:54] 63 docs en attente…
[2026-06-30 09:50:54]   → fa200745 Squat et écriture
[2026-06-30 09:50:55] 63 docs en attente…
[2026-06-30 09:50:55]   → fa200745 Squat et écriture
[2026-06-30 09:50:57] 63 docs en attente…
[2026-06-30 09:50:57]   → fa200745 Squat et écriture
[2026-06-30 09:50:58] 63 docs en attente…
[2026-06-30 09:50:58]   → fa200745 Squat et écriture
[2026-06-30 09:50:59] 63 docs en attente…
[2026-06-30 09:50:59]   → fa200745 Squat et écriture
[2026-06-30 09:51:01] 63 docs en attente…
[2026-06-30 09:51:01]   → fa200745 Squat et écriture
[2026-06-30 09:51:02] 63 docs en attente…
[2026-06-30 09:51:02]   → fa200745 Squat et écriture
[2026-06-30 09:51:03] 63 docs en attente…
[2026-06-30 09:51:03]   → fa200745 Squat et écriture
[2026-06-30 09:51:04] 63 docs en attente…
[2026-06-30 09:51:04]   → fa200745 Squat et écriture
[2026-06-30 09:51:06] 63 docs en attente…
[2026-06-30 09:51:06]   → fa200745 Squat et écriture
[2026-06-30 09:51:07] 63 docs en attente…
[2026-06-30 09:51:07]   → fa200745 Squat et écriture
[2026-06-30 09:51:08] 63 docs en attente…
[2026-06-30 09:51:08]   → fa200745 Squat et écriture
[2026-06-30 09:51:10] 63 docs en attente…
[2026-06-30 09:51:10]   → fa200745 Squat et écriture
[2026-06-30 09:51:11] 63 docs en attente…
[2026-06-30 09:51:11]   → fa200745 Squat et écriture
[2026-06-30 09:51:12] 63 docs en attente…
[2026-06-30 09:51:12]   → fa200745 Squat et écriture
[2026-06-30 09:51:14] 63 docs en attente…
[2026-06-30 09:51:14]   → fa200745 Squat et écriture
[2026-06-30 09:51:15] 63 docs en attente…
[2026-06-30 09:51:15]   → fa200745 Squat et écriture
[2026-06-30 09:51:16] 63 docs en attente…
[2026-06-30 09:51:16]   → fa200745 Squat et écriture
[2026-06-30 09:51:17] 63 docs en attente…
[2026-06-30 09:51:18]   → fa200745 Squat et écriture
[2026-06-30 09:51:19] 63 docs en attente…
[2026-06-30 09:51:19]   → fa200745 Squat et écriture
[2026-06-30 09:51:20] 63 docs en attente…
[2026-06-30 09:51:20]   → fa200745 Squat et écriture
[2026-06-30 09:51:21] 63 docs en attente…
[2026-06-30 09:51:21]   → fa200745 Squat et écriture
[2026-06-30 09:51:23] 63 docs en attente…
[2026-06-30 09:51:23]   → fa200745 Squat et écriture
[2026-06-30 09:51:24] 63 docs en attente…
[2026-06-30 09:51:24]   → fa200745 Squat et écriture
[2026-06-30 09:51:26] 63 docs en attente…
[2026-06-30 09:51:26]   → fa200745 Squat et écriture
[2026-06-30 09:51:29] 63 docs en attente…
[2026-06-30 09:51:29]   → fa200745 Squat et écriture
[2026-06-30 09:51:30] 63 docs en attente…
[2026-06-30 09:51:30]   → fa200745 Squat et écriture
[2026-06-30 09:51:32] 63 docs en attente…
[2026-06-30 09:51:32]   → fa200745 Squat et écriture
[2026-06-30 09:51:33] 63 docs en attente…
[2026-06-30 09:51:33]   → fa200745 Squat et écriture
[2026-06-30 09:51:35] 63 docs en attente…
[2026-06-30 09:51:35]   → fa200745 Squat et écriture
[2026-06-30 09:51:36] 63 docs en attente…
[2026-06-30 09:51:36]   → fa200745 Squat et écriture
[2026-06-30 09:51:37] 63 docs en attente…
[2026-06-30 09:51:37]   → fa200745 Squat et écriture
[2026-06-30 09:51:39] 63 docs en attente…
[2026-06-30 09:51:39]   → fa200745 Squat et écriture
[2026-06-30 09:51:40] 63 docs en attente…
[2026-06-30 09:51:40]   → fa200745 Squat et écriture
[2026-06-30 09:51:41] 63 docs en attente…
[2026-06-30 09:51:41]   → fa200745 Squat et écriture
[2026-06-30 09:51:43] 63 docs en attente…
[2026-06-30 09:51:43]   → fa200745 Squat et écriture
[2026-06-30 09:51:44] 63 docs en attente…
[2026-06-30 09:51:44]   → fa200745 Squat et écriture
[2026-06-30 09:51:45] 63 docs en attente…
[2026-06-30 09:51:45]   → fa200745 Squat et écriture
[2026-06-30 09:51:47] 63 docs en attente…
[2026-06-30 09:51:47]   → fa200745 Squat et écriture
[2026-06-30 09:51:48] 63 docs en attente…
[2026-06-30 09:51:48]   → fa200745 Squat et écriture
[2026-06-30 09:51:50] 63 docs en attente…
[2026-06-30 09:51:50]   → fa200745 Squat et écriture
[2026-06-30 09:51:51] 63 docs en attente…
[2026-06-30 09:51:51]   → fa200745 Squat et écriture
[2026-06-30 09:51:52] 63 docs en attente…
[2026-06-30 09:51:52]   → fa200745 Squat et écriture
[2026-06-30 09:51:54] 63 docs en attente…
[2026-06-30 09:51:54]   → fa200745 Squat et écriture
[2026-06-30 09:51:55] 63 docs en attente…
[2026-06-30 09:51:55]   → fa200745 Squat et écriture
[2026-06-30 09:51:56] 63 docs en attente…
[2026-06-30 09:51:56]   → fa200745 Squat et écriture
[2026-06-30 09:51:58] 63 docs en attente…
[2026-06-30 09:51:58]   → fa200745 Squat et écriture
[2026-06-30 09:51:59] 63 docs en attente…
[2026-06-30 09:51:59]   → fa200745 Squat et écriture
[2026-06-30 09:52:01] 63 docs en attente…
[2026-06-30 09:52:01]   → fa200745 Squat et écriture
[2026-06-30 09:52:02] 63 docs en attente…
[2026-06-30 09:52:02]   → fa200745 Squat et écriture
[2026-06-30 09:52:03] 63 docs en attente…
[2026-06-30 09:52:03]   → fa200745 Squat et écriture
[2026-06-30 09:52:05] 63 docs en attente…
[2026-06-30 09:52:05]   → fa200745 Squat et écriture
[2026-06-30 09:52:06] 63 docs en attente…
[2026-06-30 09:52:06]   → fa200745 Squat et écriture
[2026-06-30 09:52:07] 63 docs en attente…
[2026-06-30 09:52:07]   → fa200745 Squat et écriture
[2026-06-30 09:52:09] 63 docs en attente…
[2026-06-30 09:52:09]   → fa200745 Squat et écriture
[2026-06-30 09:52:10] 63 docs en attente…
[2026-06-30 09:52:10]   → fa200745 Squat et écriture
[2026-06-30 09:52:12] 63 docs en attente…
[2026-06-30 09:52:12]   → fa200745 Squat et écriture
[2026-06-30 09:52:13] 63 docs en attente…
[2026-06-30 09:52:13]   → fa200745 Squat et écriture
[2026-06-30 09:52:14] 63 docs en attente…
[2026-06-30 09:52:14]   → fa200745 Squat et écriture
[2026-06-30 09:52:16] 63 docs en attente…
[2026-06-30 09:52:16]   → fa200745 Squat et écriture
[2026-06-30 09:52:17] 63 docs en attente…
[2026-06-30 09:52:17]   → fa200745 Squat et écriture
[2026-06-30 09:52:18] 63 docs en attente…
[2026-06-30 09:52:19]   → fa200745 Squat et écriture
[2026-06-30 09:52:20] 63 docs en attente…
[2026-06-30 09:52:20]   → fa200745 Squat et écriture
[2026-06-30 09:52:21] 63 docs en attente…
[2026-06-30 09:52:21]   → fa200745 Squat et écriture
[2026-06-30 09:52:23] 63 docs en attente…
[2026-06-30 09:52:23]   → fa200745 Squat et écriture
[2026-06-30 09:52:24] 63 docs en attente…
[2026-06-30 09:52:24]   → fa200745 Squat et écriture
[2026-06-30 09:52:26] 63 docs en attente…
[2026-06-30 09:52:26]   → fa200745 Squat et écriture
[2026-06-30 09:52:27] 63 docs en attente…
[2026-06-30 09:52:27]   → fa200745 Squat et écriture
[2026-06-30 09:52:29] 63 docs en attente…
[2026-06-30 09:52:29]   → fa200745 Squat et écriture
[2026-06-30 09:52:30] 63 docs en attente…
[2026-06-30 09:52:30]   → fa200745 Squat et écriture
[2026-06-30 09:52:32] 63 docs en attente…
[2026-06-30 09:52:32]   → fa200745 Squat et écriture
[2026-06-30 09:52:33] 63 docs en attente…
[2026-06-30 09:52:33]   → fa200745 Squat et écriture
[2026-06-30 09:52:35] 63 docs en attente…
[2026-06-30 09:52:35]   → fa200745 Squat et écriture
[2026-06-30 09:52:36] 63 docs en attente…
[2026-06-30 09:52:36]   → fa200745 Squat et écriture
[2026-06-30 09:52:38] 63 docs en attente…
[2026-06-30 09:52:38]   → fa200745 Squat et écriture
[2026-06-30 09:52:39] 63 docs en attente…
[2026-06-30 09:52:39]   → fa200745 Squat et écriture
[2026-06-30 09:52:40] 63 docs en attente…
[2026-06-30 09:52:40]   → fa200745 Squat et écriture
[2026-06-30 09:52:42] 63 docs en attente…
[2026-06-30 09:52:42]   → fa200745 Squat et écriture
[2026-06-30 09:52:44] 63 docs en attente…
[2026-06-30 09:52:44]   → fa200745 Squat et écriture
[2026-06-30 09:52:46] 63 docs en attente…
[2026-06-30 09:52:46]   → fa200745 Squat et écriture
[2026-06-30 09:52:47] 63 docs en attente…
[2026-06-30 09:52:47]   → fa200745 Squat et écriture
[2026-06-30 09:52:49] 63 docs en attente…
[2026-06-30 09:52:49]   → fa200745 Squat et écriture
[2026-06-30 09:52:50] 63 docs en attente…
[2026-06-30 09:52:50]   → fa200745 Squat et écriture
[2026-06-30 09:52:51] 63 docs en attente…
[2026-06-30 09:52:51]   → fa200745 Squat et écriture
[2026-06-30 09:52:53] 63 docs en attente…
[2026-06-30 09:52:53]   → fa200745 Squat et écriture
[2026-06-30 09:52:54] 63 docs en attente…
[2026-06-30 09:52:54]   → fa200745 Squat et écriture
[2026-06-30 09:52:55] 63 docs en attente…
[2026-06-30 09:52:55]   → fa200745 Squat et écriture
[2026-06-30 09:52:56] 63 docs en attente…
[2026-06-30 09:52:56]   → fa200745 Squat et écriture
[2026-06-30 09:52:58] 63 docs en attente…
[2026-06-30 09:52:58]   → fa200745 Squat et écriture
[2026-06-30 09:52:59] 63 docs en attente…
[2026-06-30 09:52:59]   → fa200745 Squat et écriture
[2026-06-30 09:53:01] 63 docs en attente…
[2026-06-30 09:53:01]   → fa200745 Squat et écriture
[2026-06-30 09:53:03] 63 docs en attente…
[2026-06-30 09:53:03]   → fa200745 Squat et écriture
[2026-06-30 09:53:04] 63 docs en attente…
[2026-06-30 09:53:04]   → fa200745 Squat et écriture
[2026-06-30 09:53:06] 63 docs en attente…
[2026-06-30 09:53:06]   → fa200745 Squat et écriture
[2026-06-30 09:53:07] 63 docs en attente…
[2026-06-30 09:53:07]   → fa200745 Squat et écriture
[2026-06-30 09:53:08] 63 docs en attente…
[2026-06-30 09:53:08]   → fa200745 Squat et écriture
[2026-06-30 09:53:10] 63 docs en attente…
[2026-06-30 09:53:10]   → fa200745 Squat et écriture
[2026-06-30 09:53:11] 63 docs en attente…
[2026-06-30 09:53:11]   → fa200745 Squat et écriture
[2026-06-30 09:53:13] 63 docs en attente…
[2026-06-30 09:53:13]   → fa200745 Squat et écriture
[2026-06-30 09:53:15] 63 docs en attente…
[2026-06-30 09:53:15]   → fa200745 Squat et écriture
[2026-06-30 09:53:16] 63 docs en attente…
[2026-06-30 09:53:16]   → fa200745 Squat et écriture
[2026-06-30 09:53:17] 63 docs en attente…
[2026-06-30 09:53:17]   → fa200745 Squat et écriture
[2026-06-30 09:53:19] 63 docs en attente…
[2026-06-30 09:53:19]   → fa200745 Squat et écriture
[2026-06-30 09:53:20] 63 docs en attente…
[2026-06-30 09:53:20]   → fa200745 Squat et écriture
[2026-06-30 09:53:22] 63 docs en attente…
[2026-06-30 09:53:22]   → fa200745 Squat et écriture
[2026-06-30 09:53:23] 63 docs en attente…
[2026-06-30 09:53:23]   → fa200745 Squat et écriture
[2026-06-30 09:53:24] 63 docs en attente…
[2026-06-30 09:53:24]   → fa200745 Squat et écriture
[2026-06-30 09:53:25] 63 docs en attente…
[2026-06-30 09:53:25]   → fa200745 Squat et écriture
[2026-06-30 09:53:27] 63 docs en attente…
[2026-06-30 09:53:27]   → fa200745 Squat et écriture
[2026-06-30 09:53:28] 63 docs en attente…
[2026-06-30 09:53:28]   → fa200745 Squat et écriture
[2026-06-30 09:53:29] 63 docs en attente…
[2026-06-30 09:53:29]   → fa200745 Squat et écriture
[2026-06-30 09:53:31] 63 docs en attente…
[2026-06-30 09:53:31]   → fa200745 Squat et écriture
[2026-06-30 09:53:32] 63 docs en attente…
[2026-06-30 09:53:32]   → fa200745 Squat et écriture
[2026-06-30 09:53:33] 63 docs en attente…
[2026-06-30 09:53:33]   → fa200745 Squat et écriture
[2026-06-30 09:53:35] 63 docs en attente…
[2026-06-30 09:53:35]   → fa200745 Squat et écriture
[2026-06-30 09:53:36] 63 docs en attente…
[2026-06-30 09:53:36]   → fa200745 Squat et écriture
[2026-06-30 09:53:38] 63 docs en attente…
[2026-06-30 09:53:38]   → fa200745 Squat et écriture
[2026-06-30 09:53:39] 63 docs en attente…
[2026-06-30 09:53:39]   → fa200745 Squat et écriture
[2026-06-30 09:53:40] 63 docs en attente…
[2026-06-30 09:53:40]   → fa200745 Squat et écriture
[2026-06-30 09:53:42] 63 docs en attente…
[2026-06-30 09:53:42]   → fa200745 Squat et écriture
[2026-06-30 09:53:44] 63 docs en attente…
[2026-06-30 09:53:44]   → fa200745 Squat et écriture
[2026-06-30 09:53:45] 63 docs en attente…
[2026-06-30 09:53:45]   → fa200745 Squat et écriture
[2026-06-30 09:53:47] 63 docs en attente…
[2026-06-30 09:53:47]   → fa200745 Squat et écriture
[2026-06-30 09:53:48] 63 docs en attente…
[2026-06-30 09:53:48]   → fa200745 Squat et écriture
[2026-06-30 09:53:49] 63 docs en attente…
[2026-06-30 09:53:49]   → fa200745 Squat et écriture
[2026-06-30 09:53:51] 63 docs en attente…
[2026-06-30 09:53:51]   → fa200745 Squat et écriture
[2026-06-30 09:53:52] 63 docs en attente…
[2026-06-30 09:53:52]   → fa200745 Squat et écriture
[2026-06-30 09:53:53] 63 docs en attente…
[2026-06-30 09:53:53]   → fa200745 Squat et écriture
[2026-06-30 09:53:55] 63 docs en attente…
[2026-06-30 09:53:55]   → fa200745 Squat et écriture
[2026-06-30 09:53:56] 63 docs en attente…
[2026-06-30 09:53:56]   → fa200745 Squat et écriture
[2026-06-30 09:53:57] 63 docs en attente…
[2026-06-30 09:53:57]   → fa200745 Squat et écriture
[2026-06-30 09:53:58] 63 docs en attente…
[2026-06-30 09:53:59]   → fa200745 Squat et écriture
[2026-06-30 09:54:00] 63 docs en attente…
[2026-06-30 09:54:00]   → fa200745 Squat et écriture
[2026-06-30 09:54:01] 63 docs en attente…
[2026-06-30 09:54:01]   → fa200745 Squat et écriture
[2026-06-30 09:54:02] 63 docs en attente…
[2026-06-30 09:54:02]   → fa200745 Squat et écriture
[2026-06-30 09:54:04] 63 docs en attente…
[2026-06-30 09:54:04]   → fa200745 Squat et écriture
[2026-06-30 09:54:05] 63 docs en attente…
[2026-06-30 09:54:05]   → fa200745 Squat et écriture
[2026-06-30 09:54:06] 63 docs en attente…
[2026-06-30 09:54:07]   → fa200745 Squat et écriture
[2026-06-30 09:54:08] 63 docs en attente…
[2026-06-30 09:54:08]   → fa200745 Squat et écriture
[2026-06-30 09:54:09] 63 docs en attente…
[2026-06-30 09:54:10]   → fa200745 Squat et écriture
[2026-06-30 09:54:11] 63 docs en attente…
[2026-06-30 09:54:11]   → fa200745 Squat et écriture
[2026-06-30 09:54:12] 63 docs en attente…
[2026-06-30 09:54:12]   → fa200745 Squat et écriture
[2026-06-30 09:54:14] 63 docs en attente…
[2026-06-30 09:54:14]   → fa200745 Squat et écriture
[2026-06-30 09:54:15] 63 docs en attente…
[2026-06-30 09:54:15]   → fa200745 Squat et écriture
[2026-06-30 09:54:16] 63 docs en attente…
[2026-06-30 09:54:16]   → fa200745 Squat et écriture
[2026-06-30 09:54:18] 63 docs en attente…
[2026-06-30 09:54:18]   → fa200745 Squat et écriture
[2026-06-30 09:54:19] 63 docs en attente…
[2026-06-30 09:54:19]   → fa200745 Squat et écriture
[2026-06-30 09:54:20] 63 docs en attente…
[2026-06-30 09:54:20]   → fa200745 Squat et écriture
[2026-06-30 09:54:22] 63 docs en attente…
[2026-06-30 09:54:22]   → fa200745 Squat et écriture
[2026-06-30 09:54:23] 63 docs en attente…
[2026-06-30 09:54:23]   → fa200745 Squat et écriture
[2026-06-30 09:54:25] 63 docs en attente…
[2026-06-30 09:54:25]   → fa200745 Squat et écriture
[2026-06-30 09:54:26] 63 docs en attente…
[2026-06-30 09:54:26]   → fa200745 Squat et écriture
[2026-06-30 09:54:28] 63 docs en attente…
[2026-06-30 09:54:28]   → fa200745 Squat et écriture
[2026-06-30 09:54:29] 63 docs en attente…
[2026-06-30 09:54:29]   → fa200745 Squat et écriture
[2026-06-30 09:54:30] 63 docs en attente…
[2026-06-30 09:54:30]   → fa200745 Squat et écriture
[2026-06-30 09:54:31] 63 docs en attente…
[2026-06-30 09:54:31]   → fa200745 Squat et écriture
[2026-06-30 09:54:33] 63 docs en attente…
[2026-06-30 09:54:33]   → fa200745 Squat et écriture
[2026-06-30 09:54:34] 63 docs en attente…
[2026-06-30 09:54:34]   → fa200745 Squat et écriture
[2026-06-30 09:54:35] 63 docs en attente…
[2026-06-30 09:54:35]   → fa200745 Squat et écriture
[2026-06-30 09:54:37] 63 docs en attente…
[2026-06-30 09:54:37]   → fa200745 Squat et écriture
[2026-06-30 09:54:38] 63 docs en attente…
[2026-06-30 09:54:38]   → fa200745 Squat et écriture
[2026-06-30 09:54:40] 63 docs en attente…
[2026-06-30 09:54:40]   → fa200745 Squat et écriture
[2026-06-30 09:54:41] 63 docs en attente…
[2026-06-30 09:54:41]   → fa200745 Squat et écriture
[2026-06-30 09:54:43] 63 docs en attente…
[2026-06-30 09:54:43]   → fa200745 Squat et écriture
[2026-06-30 09:54:45] 63 docs en attente…
[2026-06-30 09:54:45]   → fa200745 Squat et écriture
[2026-06-30 09:54:46] 63 docs en attente…
[2026-06-30 09:54:46]   → fa200745 Squat et écriture
[2026-06-30 09:54:47] 63 docs en attente…
[2026-06-30 09:54:47]   → fa200745 Squat et écriture
[2026-06-30 09:54:49] 63 docs en attente…
[2026-06-30 09:54:49]   → fa200745 Squat et écriture
[2026-06-30 09:54:50] 63 docs en attente…
[2026-06-30 09:54:50]   → fa200745 Squat et écriture
[2026-06-30 09:54:52] 63 docs en attente…
[2026-06-30 09:54:52]   → fa200745 Squat et écriture
[2026-06-30 09:54:53] 63 docs en attente…
[2026-06-30 09:54:53]   → fa200745 Squat et écriture
[2026-06-30 09:54:54] 63 docs en attente…
[2026-06-30 09:54:54]   → fa200745 Squat et écriture
[2026-06-30 09:54:56] 63 docs en attente…
[2026-06-30 09:54:56]   → fa200745 Squat et écriture
[2026-06-30 09:54:57] 63 docs en attente…
[2026-06-30 09:54:57]   → fa200745 Squat et écriture
[2026-06-30 09:54:59] 63 docs en attente…
[2026-06-30 09:54:59]   → fa200745 Squat et écriture
[2026-06-30 09:55:00] 63 docs en attente…
[2026-06-30 09:55:00]   → fa200745 Squat et écriture
[2026-06-30 09:55:01] 63 docs en attente…
[2026-06-30 09:55:01]   → fa200745 Squat et écriture
[2026-06-30 09:55:03] 63 docs en attente…
[2026-06-30 09:55:03]   → fa200745 Squat et écriture
[2026-06-30 09:55:05] 63 docs en attente…
[2026-06-30 09:55:05]   → fa200745 Squat et écriture
[2026-06-30 09:55:06] 63 docs en attente…
[2026-06-30 09:55:06]   → fa200745 Squat et écriture
[2026-06-30 09:55:07] 63 docs en attente…
[2026-06-30 09:55:07]   → fa200745 Squat et écriture
[2026-06-30 09:55:08] 63 docs en attente…
[2026-06-30 09:55:08]   → fa200745 Squat et écriture
[2026-06-30 09:55:10] 63 docs en attente…
[2026-06-30 09:55:10]   → fa200745 Squat et écriture
[2026-06-30 09:55:11] 63 docs en attente…
[2026-06-30 09:55:11]   → fa200745 Squat et écriture
[2026-06-30 09:55:12] 63 docs en attente…
[2026-06-30 09:55:12]   → fa200745 Squat et écriture
[2026-06-30 09:55:14] 63 docs en attente…
[2026-06-30 09:55:14]   → fa200745 Squat et écriture
[2026-06-30 09:55:15] 63 docs en attente…
[2026-06-30 09:55:15]   → fa200745 Squat et écriture
[2026-06-30 09:55:16] 63 docs en attente…
[2026-06-30 09:55:16]   → fa200745 Squat et écriture
[2026-06-30 09:55:18] 63 docs en attente…
[2026-06-30 09:55:18]   → fa200745 Squat et écriture
[2026-06-30 09:55:19] 63 docs en attente…
[2026-06-30 09:55:19]   → fa200745 Squat et écriture
[2026-06-30 09:55:20] 63 docs en attente…
[2026-06-30 09:55:20]   → fa200745 Squat et écriture
[2026-06-30 09:55:21] 63 docs en attente…
[2026-06-30 09:55:21]   → fa200745 Squat et écriture
[2026-06-30 09:55:23] 63 docs en attente…
[2026-06-30 09:55:23]   → fa200745 Squat et écriture
[2026-06-30 09:55:25] 63 docs en attente…
[2026-06-30 09:55:25]   → fa200745 Squat et écriture
[2026-06-30 09:55:26] 63 docs en attente…
[2026-06-30 09:55:26]   → fa200745 Squat et écriture
[2026-06-30 09:55:28] 63 docs en attente…
[2026-06-30 09:55:28]   → fa200745 Squat et écriture
[2026-06-30 09:55:29] 63 docs en attente…
[2026-06-30 09:55:29]   → fa200745 Squat et écriture
[2026-06-30 09:55:30] 63 docs en attente…
[2026-06-30 09:55:30]   → fa200745 Squat et écriture
[2026-06-30 09:55:32] 63 docs en attente…
[2026-06-30 09:55:32]   → fa200745 Squat et écriture
[2026-06-30 09:55:33] 63 docs en attente…
[2026-06-30 09:55:33]   → fa200745 Squat et écriture
[2026-06-30 09:55:35] 63 docs en attente…
[2026-06-30 09:55:35]   → fa200745 Squat et écriture
[2026-06-30 09:55:36] 63 docs en attente…
[2026-06-30 09:55:36]   → fa200745 Squat et écriture
[2026-06-30 09:55:38] 63 docs en attente…
[2026-06-30 09:55:38]   → fa200745 Squat et écriture
[2026-06-30 09:55:39] 63 docs en attente…
[2026-06-30 09:55:39]   → fa200745 Squat et écriture
[2026-06-30 09:55:41] 63 docs en attente…
[2026-06-30 09:55:41]   → fa200745 Squat et écriture
[2026-06-30 09:55:42] 63 docs en attente…
[2026-06-30 09:55:42]   → fa200745 Squat et écriture
[2026-06-30 09:55:43] 63 docs en attente…
[2026-06-30 09:55:43]   → fa200745 Squat et écriture
[2026-06-30 09:55:44] 63 docs en attente…
[2026-06-30 09:55:44]   → fa200745 Squat et écriture
[2026-06-30 09:55:46] 63 docs en attente…
[2026-06-30 09:55:46]   → fa200745 Squat et écriture
[2026-06-30 09:55:47] 63 docs en attente…
[2026-06-30 09:55:47]   → fa200745 Squat et écriture
[2026-06-30 09:55:48] 63 docs en attente…
[2026-06-30 09:55:48]   → fa200745 Squat et écriture
[2026-06-30 09:55:50] 63 docs en attente…
[2026-06-30 09:55:50]   → fa200745 Squat et écriture
[2026-06-30 09:55:51] 63 docs en attente…
[2026-06-30 09:55:51]   → fa200745 Squat et écriture
[2026-06-30 09:55:52] 63 docs en attente…
[2026-06-30 09:55:52]   → fa200745 Squat et écriture
[2026-06-30 09:55:54] 63 docs en attente…
[2026-06-30 09:55:54]   → fa200745 Squat et écriture
[2026-06-30 09:55:55] 63 docs en attente…
[2026-06-30 09:55:55]   → fa200745 Squat et écriture
[2026-06-30 09:55:57] 63 docs en attente…
[2026-06-30 09:55:57]   → fa200745 Squat et écriture
[2026-06-30 09:55:58] 63 docs en attente…
[2026-06-30 09:55:58]   → fa200745 Squat et écriture
[2026-06-30 09:56:00] 63 docs en attente…
[2026-06-30 09:56:00]   → fa200745 Squat et écriture
[2026-06-30 09:56:01] 63 docs en attente…
[2026-06-30 09:56:01]   → fa200745 Squat et écriture
[2026-06-30 09:56:02] 63 docs en attente…
[2026-06-30 09:56:02]   → fa200745 Squat et écriture
[2026-06-30 09:56:04] 63 docs en attente…
[2026-06-30 09:56:04]   → fa200745 Squat et écriture
[2026-06-30 09:56:05] 63 docs en attente…
[2026-06-30 09:56:05]   → fa200745 Squat et écriture
[2026-06-30 09:56:07] 63 docs en attente…
[2026-06-30 09:56:07]   → fa200745 Squat et écriture
[2026-06-30 09:56:08] 63 docs en attente…
[2026-06-30 09:56:08]   → fa200745 Squat et écriture
[2026-06-30 09:56:10] 63 docs en attente…
[2026-06-30 09:56:10]   → fa200745 Squat et écriture
[2026-06-30 09:56:11] 63 docs en attente…
[2026-06-30 09:56:12]   → fa200745 Squat et écriture
[2026-06-30 09:56:13] 63 docs en attente…
[2026-06-30 09:56:13]   → fa200745 Squat et écriture
[2026-06-30 09:56:14] 63 docs en attente…
[2026-06-30 09:56:14]   → fa200745 Squat et écriture
[2026-06-30 09:56:16] 63 docs en attente…
[2026-06-30 09:56:16]   → fa200745 Squat et écriture
[2026-06-30 09:56:17] 63 docs en attente…
[2026-06-30 09:56:17]   → fa200745 Squat et écriture
[2026-06-30 09:56:18] 63 docs en attente…
[2026-06-30 09:56:18]   → fa200745 Squat et écriture
[2026-06-30 09:56:20] 63 docs en attente…
[2026-06-30 09:56:20]   → fa200745 Squat et écriture
[2026-06-30 09:56:21] 63 docs en attente…
[2026-06-30 09:56:21]   → fa200745 Squat et écriture
[2026-06-30 09:56:22] 63 docs en attente…
[2026-06-30 09:56:22]   → fa200745 Squat et écriture
[2026-06-30 09:56:24] 63 docs en attente…
[2026-06-30 09:56:24]   → fa200745 Squat et écriture
[2026-06-30 09:56:25] 63 docs en attente…
[2026-06-30 09:56:25]   → fa200745 Squat et écriture
[2026-06-30 09:56:27] 63 docs en attente…
[2026-06-30 09:56:27]   → fa200745 Squat et écriture
[2026-06-30 09:56:28] 63 docs en attente…
[2026-06-30 09:56:28]   → fa200745 Squat et écriture
[2026-06-30 09:56:29] 63 docs en attente…
[2026-06-30 09:56:29]   → fa200745 Squat et écriture
[2026-06-30 09:56:31] 63 docs en attente…
[2026-06-30 09:56:31]   → fa200745 Squat et écriture
[2026-06-30 09:56:32] 63 docs en attente…
[2026-06-30 09:56:32]   → fa200745 Squat et écriture
[2026-06-30 09:56:34] 63 docs en attente…
[2026-06-30 09:56:34]   → fa200745 Squat et écriture
[2026-06-30 09:56:35] 63 docs en attente…
[2026-06-30 09:56:35]   → fa200745 Squat et écriture
[2026-06-30 09:56:37] 63 docs en attente…
[2026-06-30 09:56:37]   → fa200745 Squat et écriture
[2026-06-30 09:56:38] 63 docs en attente…
[2026-06-30 09:56:38]   → fa200745 Squat et écriture
[2026-06-30 09:56:39] 63 docs en attente…
[2026-06-30 09:56:39]   → fa200745 Squat et écriture
[2026-06-30 09:56:40] 63 docs en attente…
[2026-06-30 09:56:41]   → fa200745 Squat et écriture
[2026-06-30 09:56:42] 63 docs en attente…
[2026-06-30 09:56:42]   → fa200745 Squat et écriture
[2026-06-30 09:56:43] 63 docs en attente…
[2026-06-30 09:56:43]   → fa200745 Squat et écriture
[2026-06-30 09:56:44] 63 docs en attente…
[2026-06-30 09:56:44]   → fa200745 Squat et écriture
[2026-06-30 09:56:46] 63 docs en attente…
[2026-06-30 09:56:46]   → fa200745 Squat et écriture
[2026-06-30 09:56:47] 63 docs en attente…
[2026-06-30 09:56:47]   → fa200745 Squat et écriture
[2026-06-30 09:56:48] 63 docs en attente…
[2026-06-30 09:56:48]   → fa200745 Squat et écriture
[2026-06-30 09:56:50] 63 docs en attente…
[2026-06-30 09:56:50]   → fa200745 Squat et écriture
[2026-06-30 09:56:51] 63 docs en attente…
[2026-06-30 09:56:51]   → fa200745 Squat et écriture
[2026-06-30 09:56:52] 63 docs en attente…
[2026-06-30 09:56:52]   → fa200745 Squat et écriture
[2026-06-30 09:56:54] 63 docs en attente…
[2026-06-30 09:56:54]   → fa200745 Squat et écriture
[2026-06-30 09:56:55] 63 docs en attente…
[2026-06-30 09:56:55]   → fa200745 Squat et écriture
[2026-06-30 09:56:56] 63 docs en attente…
[2026-06-30 09:56:56]   → fa200745 Squat et écriture
[2026-06-30 09:56:57] 63 docs en attente…
[2026-06-30 09:56:57]   → fa200745 Squat et écriture
[2026-06-30 09:56:59] 63 docs en attente…
[2026-06-30 09:56:59]   → fa200745 Squat et écriture
[2026-06-30 09:57:00] 63 docs en attente…
[2026-06-30 09:57:00]   → fa200745 Squat et écriture
[2026-06-30 09:57:01] 63 docs en attente…
[2026-06-30 09:57:01]   → fa200745 Squat et écriture
[2026-06-30 09:57:03] 63 docs en attente…
[2026-06-30 09:57:03]   → fa200745 Squat et écriture
[2026-06-30 09:57:04] 63 docs en attente…
[2026-06-30 09:57:04]   → fa200745 Squat et écriture
[2026-06-30 09:57:05] 63 docs en attente…
[2026-06-30 09:57:05]   → fa200745 Squat et écriture
[2026-06-30 09:57:07] 63 docs en attente…
[2026-06-30 09:57:07]   → fa200745 Squat et écriture
[2026-06-30 09:57:08] 63 docs en attente…
[2026-06-30 09:57:08]   → fa200745 Squat et écriture
[2026-06-30 09:57:10] 63 docs en attente…
[2026-06-30 09:57:10]   → fa200745 Squat et écriture
[2026-06-30 09:57:11] 63 docs en attente…
[2026-06-30 09:57:11]   → fa200745 Squat et écriture
[2026-06-30 09:57:12] 63 docs en attente…
[2026-06-30 09:57:12]   → fa200745 Squat et écriture
[2026-06-30 09:57:14] 63 docs en attente…
[2026-06-30 09:57:14]   → fa200745 Squat et écriture
[2026-06-30 09:57:15] 63 docs en attente…
[2026-06-30 09:57:15]   → fa200745 Squat et écriture
[2026-06-30 09:57:16] 63 docs en attente…
[2026-06-30 09:57:16]   → fa200745 Squat et écriture
[2026-06-30 09:57:18] 63 docs en attente…
[2026-06-30 09:57:18]   → fa200745 Squat et écriture
[2026-06-30 09:57:19] 63 docs en attente…
[2026-06-30 09:57:19]   → fa200745 Squat et écriture
[2026-06-30 09:57:21] 63 docs en attente…
[2026-06-30 09:57:21]   → fa200745 Squat et écriture
[2026-06-30 09:57:22] 63 docs en attente…
[2026-06-30 09:57:22]   → fa200745 Squat et écriture
[2026-06-30 09:57:23] 63 docs en attente…
[2026-06-30 09:57:23]   → fa200745 Squat et écriture
[2026-06-30 09:57:25] 63 docs en attente…
[2026-06-30 09:57:25]   → fa200745 Squat et écriture
[2026-06-30 09:57:26] 63 docs en attente…
[2026-06-30 09:57:26]   → fa200745 Squat et écriture
[2026-06-30 09:57:28] 63 docs en attente…
[2026-06-30 09:57:28]   → fa200745 Squat et écriture
[2026-06-30 09:57:29] 63 docs en attente…
[2026-06-30 09:57:29]   → fa200745 Squat et écriture
[2026-06-30 09:57:30] 63 docs en attente…
[2026-06-30 09:57:30]   → fa200745 Squat et écriture
[2026-06-30 09:57:32] 63 docs en attente…
[2026-06-30 09:57:32]   → fa200745 Squat et écriture
[2026-06-30 09:57:34] 63 docs en attente…
[2026-06-30 09:57:34]   → fa200745 Squat et écriture
[2026-06-30 09:57:35] 63 docs en attente…
[2026-06-30 09:57:35]   → fa200745 Squat et écriture
[2026-06-30 09:57:37] 63 docs en attente…
[2026-06-30 09:57:37]   → fa200745 Squat et écriture
[2026-06-30 09:57:38] 63 docs en attente…
[2026-06-30 09:57:38]   → fa200745 Squat et écriture
[2026-06-30 09:57:39] 63 docs en attente…
[2026-06-30 09:57:39]   → fa200745 Squat et écriture
[2026-06-30 09:57:41] 63 docs en attente…
[2026-06-30 09:57:41]   → fa200745 Squat et écriture
[2026-06-30 09:57:42] 63 docs en attente…
[2026-06-30 09:57:42]   → fa200745 Squat et écriture
[2026-06-30 09:57:43] 63 docs en attente…
[2026-06-30 09:57:43]   → fa200745 Squat et écriture
[2026-06-30 09:57:45] 63 docs en attente…
[2026-06-30 09:57:45]   → fa200745 Squat et écriture
[2026-06-30 09:57:46] 63 docs en attente…
[2026-06-30 09:57:46]   → fa200745 Squat et écriture
[2026-06-30 09:57:48] 63 docs en attente…
[2026-06-30 09:57:48]   → fa200745 Squat et écriture
[2026-06-30 09:57:49] 63 docs en attente…
[2026-06-30 09:57:49]   → fa200745 Squat et écriture
[2026-06-30 09:57:50] 63 docs en attente…
[2026-06-30 09:57:50]   → fa200745 Squat et écriture
[2026-06-30 09:57:52] 63 docs en attente…
[2026-06-30 09:57:52]   → fa200745 Squat et écriture
[2026-06-30 09:57:53] 63 docs en attente…
[2026-06-30 09:57:53]   → fa200745 Squat et écriture
[2026-06-30 09:57:54] 63 docs en attente…
[2026-06-30 09:57:54]   → fa200745 Squat et écriture
[2026-06-30 09:57:56] 63 docs en attente…
[2026-06-30 09:57:56]   → fa200745 Squat et écriture
[2026-06-30 09:57:57] 63 docs en attente…
[2026-06-30 09:57:57]   → fa200745 Squat et écriture
[2026-06-30 09:57:58] 63 docs en attente…
[2026-06-30 09:57:58]   → fa200745 Squat et écriture
[2026-06-30 09:57:59] 63 docs en attente…
[2026-06-30 09:57:59]   → fa200745 Squat et écriture
[2026-06-30 09:58:01] 63 docs en attente…
[2026-06-30 09:58:01]   → fa200745 Squat et écriture
[2026-06-30 09:58:03] 63 docs en attente…
[2026-06-30 09:58:03]   → fa200745 Squat et écriture
[2026-06-30 09:58:04] 63 docs en attente…
[2026-06-30 09:58:04]   → fa200745 Squat et écriture
[2026-06-30 09:58:06] 63 docs en attente…
[2026-06-30 09:58:06]   → fa200745 Squat et écriture
[2026-06-30 09:58:07] 63 docs en attente…
[2026-06-30 09:58:07]   → fa200745 Squat et écriture
[2026-06-30 09:58:09] 63 docs en attente…
[2026-06-30 09:58:09]   → fa200745 Squat et écriture
[2026-06-30 09:58:11] 63 docs en attente…
[2026-06-30 09:58:11]   → fa200745 Squat et écriture
[2026-06-30 09:58:12] 63 docs en attente…
[2026-06-30 09:58:12]   → fa200745 Squat et écriture
[2026-06-30 09:58:14] 63 docs en attente…
[2026-06-30 09:58:14]   → fa200745 Squat et écriture
[2026-06-30 09:58:15] 63 docs en attente…
[2026-06-30 09:58:15]   → fa200745 Squat et écriture
[2026-06-30 09:58:16] 63 docs en attente…
[2026-06-30 09:58:16]   → fa200745 Squat et écriture
[2026-06-30 09:58:17] 63 docs en attente…
[2026-06-30 09:58:17]   → fa200745 Squat et écriture
[2026-06-30 09:58:19] 63 docs en attente…
[2026-06-30 09:58:19]   → fa200745 Squat et écriture
[2026-06-30 09:58:20] 63 docs en attente…
[2026-06-30 09:58:20]   → fa200745 Squat et écriture
[2026-06-30 09:58:21] 63 docs en attente…
[2026-06-30 09:58:21]   → fa200745 Squat et écriture
[2026-06-30 09:58:23] 63 docs en attente…
[2026-06-30 09:58:23]   → fa200745 Squat et écriture
[2026-06-30 09:58:24] 63 docs en attente…
[2026-06-30 09:58:24]   → fa200745 Squat et écriture
[2026-06-30 09:58:25] 63 docs en attente…
[2026-06-30 09:58:25]   → fa200745 Squat et écriture
[2026-06-30 09:58:27] 63 docs en attente…
[2026-06-30 09:58:27]   → fa200745 Squat et écriture
[2026-06-30 09:58:28] 63 docs en attente…
[2026-06-30 09:58:28]   → fa200745 Squat et écriture
[2026-06-30 09:58:29] 63 docs en attente…
[2026-06-30 09:58:29]   → fa200745 Squat et écriture
[2026-06-30 09:58:31] 63 docs en attente…
[2026-06-30 09:58:31]   → fa200745 Squat et écriture
[2026-06-30 09:58:32] 63 docs en attente…
[2026-06-30 09:58:32]   → fa200745 Squat et écriture
[2026-06-30 09:58:33] 63 docs en attente…
[2026-06-30 09:58:33]   → fa200745 Squat et écriture
[2026-06-30 09:58:35] 63 docs en attente…
[2026-06-30 09:58:35]   → fa200745 Squat et écriture
[2026-06-30 09:58:36] 63 docs en attente…
[2026-06-30 09:58:36]   → fa200745 Squat et écriture
[2026-06-30 09:58:37] 63 docs en attente…
[2026-06-30 09:58:37]   → fa200745 Squat et écriture
[2026-06-30 09:58:39] 63 docs en attente…
[2026-06-30 09:58:39]   → fa200745 Squat et écriture
[2026-06-30 09:58:40] 63 docs en attente…
[2026-06-30 09:58:40]   → fa200745 Squat et écriture
[2026-06-30 09:58:41] 63 docs en attente…
[2026-06-30 09:58:42]   → fa200745 Squat et écriture
[2026-06-30 09:58:43] 63 docs en attente…
[2026-06-30 09:58:43]   → fa200745 Squat et écriture
[2026-06-30 09:58:44] 63 docs en attente…
[2026-06-30 09:58:44]   → fa200745 Squat et écriture
[2026-06-30 09:58:46] 63 docs en attente…
[2026-06-30 09:58:46]   → fa200745 Squat et écriture
[2026-06-30 09:58:47] 63 docs en attente…
[2026-06-30 09:58:47]   → fa200745 Squat et écriture
[2026-06-30 09:58:49] 63 docs en attente…
[2026-06-30 09:58:49]   → fa200745 Squat et écriture
[2026-06-30 09:58:50] 63 docs en attente…
[2026-06-30 09:58:50]   → fa200745 Squat et écriture
[2026-06-30 09:58:52] 63 docs en attente…
[2026-06-30 09:58:52]   → fa200745 Squat et écriture
[2026-06-30 09:58:53] 63 docs en attente…
[2026-06-30 09:58:53]   → fa200745 Squat et écriture
[2026-06-30 09:58:55] 63 docs en attente…
[2026-06-30 09:58:55]   → fa200745 Squat et écriture
[2026-06-30 09:58:56] 63 docs en attente…
[2026-06-30 09:58:56]   → fa200745 Squat et écriture
[2026-06-30 09:58:57] 63 docs en attente…
[2026-06-30 09:58:57]   → fa200745 Squat et écriture
[2026-06-30 09:58:59] 63 docs en attente…
[2026-06-30 09:58:59]   → fa200745 Squat et écriture
[2026-06-30 09:59:00] 63 docs en attente…
[2026-06-30 09:59:00]   → fa200745 Squat et écriture
[2026-06-30 09:59:02] 63 docs en attente…
[2026-06-30 09:59:02]   → fa200745 Squat et écriture
[2026-06-30 09:59:03] 63 docs en attente…
[2026-06-30 09:59:03]   → fa200745 Squat et écriture
[2026-06-30 09:59:04] 63 docs en attente…
[2026-06-30 09:59:04]   → fa200745 Squat et écriture
[2026-06-30 09:59:06] 63 docs en attente…
[2026-06-30 09:59:06]   → fa200745 Squat et écriture
[2026-06-30 09:59:08] 63 docs en attente…
[2026-06-30 09:59:08]   → fa200745 Squat et écriture
[2026-06-30 09:59:09] 63 docs en attente…
[2026-06-30 09:59:09]   → fa200745 Squat et écriture
[2026-06-30 09:59:10] 63 docs en attente…
[2026-06-30 09:59:10]   → fa200745 Squat et écriture
[2026-06-30 09:59:12] 63 docs en attente…
[2026-06-30 09:59:12]   → fa200745 Squat et écriture
[2026-06-30 09:59:13] 63 docs en attente…
[2026-06-30 09:59:13]   → fa200745 Squat et écriture
[2026-06-30 09:59:14] 63 docs en attente…
[2026-06-30 09:59:14]   → fa200745 Squat et écriture
[2026-06-30 09:59:16] 63 docs en attente…
[2026-06-30 09:59:16]   → fa200745 Squat et écriture
[2026-06-30 09:59:17] 63 docs en attente…
[2026-06-30 09:59:17]   → fa200745 Squat et écriture
[2026-06-30 09:59:18] 63 docs en attente…
[2026-06-30 09:59:18]   → fa200745 Squat et écriture
[2026-06-30 09:59:20] 63 docs en attente…
[2026-06-30 09:59:20]   → fa200745 Squat et écriture
[2026-06-30 09:59:21] 63 docs en attente…
[2026-06-30 09:59:21]   → fa200745 Squat et écriture
[2026-06-30 09:59:22] 63 docs en attente…
[2026-06-30 09:59:22]   → fa200745 Squat et écriture
[2026-06-30 09:59:24] 63 docs en attente…
[2026-06-30 09:59:24]   → fa200745 Squat et écriture
[2026-06-30 09:59:25] 63 docs en attente…
[2026-06-30 09:59:25]   → fa200745 Squat et écriture
[2026-06-30 09:59:26] 63 docs en attente…
[2026-06-30 09:59:26]   → fa200745 Squat et écriture
[2026-06-30 09:59:28] 63 docs en attente…
[2026-06-30 09:59:28]   → fa200745 Squat et écriture
[2026-06-30 09:59:29] 63 docs en attente…
[2026-06-30 09:59:29]   → fa200745 Squat et écriture
[2026-06-30 09:59:30] 63 docs en attente…
[2026-06-30 09:59:30]   → fa200745 Squat et écriture
[2026-06-30 09:59:32] 63 docs en attente…
[2026-06-30 09:59:32]   → fa200745 Squat et écriture
[2026-06-30 09:59:33] 63 docs en attente…
[2026-06-30 09:59:33]   → fa200745 Squat et écriture
[2026-06-30 09:59:36] 63 docs en attente…
[2026-06-30 09:59:36]   → fa200745 Squat et écriture
[2026-06-30 09:59:38] 63 docs en attente…
[2026-06-30 09:59:38]   → fa200745 Squat et écriture
[2026-06-30 09:59:39] 63 docs en attente…
[2026-06-30 09:59:39]   → fa200745 Squat et écriture
[2026-06-30 09:59:41] 63 docs en attente…
[2026-06-30 09:59:41]   → fa200745 Squat et écriture
[2026-06-30 09:59:42] 63 docs en attente…
[2026-06-30 09:59:42]   → fa200745 Squat et écriture
[2026-06-30 09:59:44] 63 docs en attente…
[2026-06-30 09:59:44]   → fa200745 Squat et écriture
[2026-06-30 09:59:45] 63 docs en attente…
[2026-06-30 09:59:46]   → fa200745 Squat et écriture
[2026-06-30 09:59:48] 63 docs en attente…
[2026-06-30 09:59:48]   → fa200745 Squat et écriture
[2026-06-30 09:59:49] 63 docs en attente…
[2026-06-30 09:59:49]   → fa200745 Squat et écriture
[2026-06-30 09:59:51] 63 docs en attente…
[2026-06-30 09:59:51]   → fa200745 Squat et écriture
[2026-06-30 09:59:52] 63 docs en attente…
[2026-06-30 09:59:52]   → fa200745 Squat et écriture
[2026-06-30 09:59:53] 63 docs en attente…
[2026-06-30 09:59:53]   → fa200745 Squat et écriture
[2026-06-30 09:59:55] 63 docs en attente…
[2026-06-30 09:59:55]   → fa200745 Squat et écriture
[2026-06-30 09:59:57] 63 docs en attente…
[2026-06-30 09:59:57]   → fa200745 Squat et écriture
[2026-06-30 09:59:58] 63 docs en attente…
[2026-06-30 09:59:58]   → fa200745 Squat et écriture
[2026-06-30 09:59:59] 63 docs en attente…
[2026-06-30 09:59:59]   → fa200745 Squat et écriture
[2026-06-30 10:00:02] 63 docs en attente…
[2026-06-30 10:00:02]   → fa200745 Squat et écriture
[2026-06-30 10:00:03] 63 docs en attente…
[2026-06-30 10:00:03]   → fa200745 Squat et écriture
[2026-06-30 10:00:06] 63 docs en attente…
[2026-06-30 10:00:06]   → fa200745 Squat et écriture
[2026-06-30 10:00:08] 63 docs en attente…
[2026-06-30 10:00:08]   → fa200745 Squat et écriture
[2026-06-30 10:00:11] 63 docs en attente…
[2026-06-30 10:00:11]   → fa200745 Squat et écriture
[2026-06-30 10:00:13] 63 docs en attente…
[2026-06-30 10:00:13]   → fa200745 Squat et écriture
[2026-06-30 10:00:15] 63 docs en attente…
[2026-06-30 10:00:15]   → fa200745 Squat et écriture
[2026-06-30 10:00:17] 63 docs en attente…
[2026-06-30 10:00:17]   → fa200745 Squat et écriture
[2026-06-30 10:00:18] 63 docs en attente…
[2026-06-30 10:00:18]   → fa200745 Squat et écriture
[2026-06-30 10:00:19] 63 docs en attente…
[2026-06-30 10:00:19]   → fa200745 Squat et écriture
[2026-06-30 10:00:21] 63 docs en attente…
[2026-06-30 10:00:21]   → fa200745 Squat et écriture
[2026-06-30 10:00:22] 63 docs en attente…
[2026-06-30 10:00:22]   → fa200745 Squat et écriture
[2026-06-30 10:00:23] 63 docs en attente…
[2026-06-30 10:00:23]   → fa200745 Squat et écriture
[2026-06-30 10:00:25] 63 docs en attente…
[2026-06-30 10:00:25]   → fa200745 Squat et écriture
[2026-06-30 10:00:27] 63 docs en attente…
[2026-06-30 10:00:27]   → fa200745 Squat et écriture
[2026-06-30 10:00:28] 63 docs en attente…
[2026-06-30 10:00:28]   → fa200745 Squat et écriture
[2026-06-30 10:00:30] 63 docs en attente…
[2026-06-30 10:00:30]   → fa200745 Squat et écriture
[2026-06-30 10:00:31] 63 docs en attente…
[2026-06-30 10:00:31]   → fa200745 Squat et écriture
[2026-06-30 10:00:32] === enrich_pending démarré ===
[2026-06-30 10:00:32] 63 docs en attente…
[2026-06-30 10:00:32]   → fa200745 Squat et écriture
[2026-06-30 10:00:32] 63 docs en attente…
[2026-06-30 10:00:32]   → fa200745 Squat et écriture
[2026-06-30 10:00:34] 63 docs en attente…
[2026-06-30 10:00:34]   → fa200745 Squat et écriture
[2026-06-30 10:00:34] 63 docs en attente…
[2026-06-30 10:00:34]   → fa200745 Squat et écriture
[2026-06-30 10:00:35] 63 docs en attente…
[2026-06-30 10:00:35]   → fa200745 Squat et écriture
[2026-06-30 10:00:35] 63 docs en attente…
[2026-06-30 10:00:35]   → fa200745 Squat et écriture
[2026-06-30 10:00:36] 63 docs en attente…
[2026-06-30 10:00:36]   → fa200745 Squat et écriture
[2026-06-30 10:00:37] 63 docs en attente…
[2026-06-30 10:00:37]   → fa200745 Squat et écriture
[2026-06-30 10:00:38] 63 docs en attente…
[2026-06-30 10:00:38]   → fa200745 Squat et écriture
[2026-06-30 10:00:38] 63 docs en attente…
[2026-06-30 10:00:38]   → fa200745 Squat et écriture
[2026-06-30 10:00:39] 63 docs en attente…
[2026-06-30 10:00:39]   → fa200745 Squat et écriture
[2026-06-30 10:00:40] 63 docs en attente…
[2026-06-30 10:00:40]   → fa200745 Squat et écriture
[2026-06-30 10:00:40] 63 docs en attente…
[2026-06-30 10:00:40]   → fa200745 Squat et écriture
[2026-06-30 10:00:41] 63 docs en attente…
[2026-06-30 10:00:41]   → fa200745 Squat et écriture
[2026-06-30 10:00:42] 63 docs en attente…
[2026-06-30 10:00:42]   → fa200745 Squat et écriture
[2026-06-30 10:00:43] 63 docs en attente…
[2026-06-30 10:00:43]   → fa200745 Squat et écriture
[2026-06-30 10:00:43] 63 docs en attente…
[2026-06-30 10:00:43]   → fa200745 Squat et écriture
[2026-06-30 10:00:44] 63 docs en attente…
[2026-06-30 10:00:44]   → fa200745 Squat et écriture
[2026-06-30 10:00:45] 63 docs en attente…
[2026-06-30 10:00:45]   → fa200745 Squat et écriture
[2026-06-30 10:00:46] 63 docs en attente…
[2026-06-30 10:00:46]   → fa200745 Squat et écriture
[2026-06-30 10:00:46] 63 docs en attente…
[2026-06-30 10:00:46]   → fa200745 Squat et écriture
[2026-06-30 10:00:47] 63 docs en attente…
[2026-06-30 10:00:47]   → fa200745 Squat et écriture
[2026-06-30 10:00:48] 63 docs en attente…
[2026-06-30 10:00:48]   → fa200745 Squat et écriture
[2026-06-30 10:00:49] 63 docs en attente…
[2026-06-30 10:00:49]   → fa200745 Squat et écriture
[2026-06-30 10:00:50] 63 docs en attente…
[2026-06-30 10:00:50]   → fa200745 Squat et écriture
[2026-06-30 10:00:51] 63 docs en attente…
[2026-06-30 10:00:51]   → fa200745 Squat et écriture
[2026-06-30 10:00:51] 63 docs en attente…
[2026-06-30 10:00:51]   → fa200745 Squat et écriture
[2026-06-30 10:00:52] 63 docs en attente…
[2026-06-30 10:00:52]   → fa200745 Squat et écriture
[2026-06-30 10:00:53] 63 docs en attente…
[2026-06-30 10:00:53]   → fa200745 Squat et écriture
[2026-06-30 10:00:54] 63 docs en attente…
[2026-06-30 10:00:54]   → fa200745 Squat et écriture
[2026-06-30 10:00:55] 63 docs en attente…
[2026-06-30 10:00:55]   → fa200745 Squat et écriture
[2026-06-30 10:00:55] 63 docs en attente…
[2026-06-30 10:00:55]   → fa200745 Squat et écriture
[2026-06-30 10:00:57] 63 docs en attente…
[2026-06-30 10:00:57]   → fa200745 Squat et écriture
[2026-06-30 10:00:57] 63 docs en attente…
[2026-06-30 10:00:57]   → fa200745 Squat et écriture
[2026-06-30 10:00:58] 63 docs en attente…
[2026-06-30 10:00:59]   → fa200745 Squat et écriture
[2026-06-30 10:00:59] 63 docs en attente…
[2026-06-30 10:00:59]   → fa200745 Squat et écriture
[2026-06-30 10:01:00] 63 docs en attente…
[2026-06-30 10:01:00]   → fa200745 Squat et écriture
[2026-06-30 10:01:00] 63 docs en attente…
[2026-06-30 10:01:00]   → fa200745 Squat et écriture
[2026-06-30 10:01:02] 63 docs en attente…
[2026-06-30 10:01:02]   → fa200745 Squat et écriture
[2026-06-30 10:01:02] 63 docs en attente…
[2026-06-30 10:01:02]   → fa200745 Squat et écriture
[2026-06-30 10:01:03] 63 docs en attente…
[2026-06-30 10:01:03]   → fa200745 Squat et écriture
[2026-06-30 10:01:04] 63 docs en attente…
[2026-06-30 10:01:04]   → fa200745 Squat et écriture
[2026-06-30 10:01:05] 63 docs en attente…
[2026-06-30 10:01:05]   → fa200745 Squat et écriture
[2026-06-30 10:01:05] 63 docs en attente…
[2026-06-30 10:01:05]   → fa200745 Squat et écriture
[2026-06-30 10:01:07] 63 docs en attente…
[2026-06-30 10:01:07]   → fa200745 Squat et écriture
[2026-06-30 10:01:07] 63 docs en attente…
[2026-06-30 10:01:08]   → fa200745 Squat et écriture
[2026-06-30 10:01:08] 63 docs en attente…
[2026-06-30 10:01:08]   → fa200745 Squat et écriture
[2026-06-30 10:01:09] 63 docs en attente…
[2026-06-30 10:01:09]   → fa200745 Squat et écriture
[2026-06-30 10:01:10] 63 docs en attente…
[2026-06-30 10:01:10]   → fa200745 Squat et écriture
[2026-06-30 10:01:11] 63 docs en attente…
[2026-06-30 10:01:11]   → fa200745 Squat et écriture
[2026-06-30 10:01:12] 63 docs en attente…
[2026-06-30 10:01:12]   → fa200745 Squat et écriture
[2026-06-30 10:01:12] 63 docs en attente…
[2026-06-30 10:01:12]   → fa200745 Squat et écriture
[2026-06-30 10:01:14] 63 docs en attente…
[2026-06-30 10:01:14]   → fa200745 Squat et écriture
[2026-06-30 10:01:14] 63 docs en attente…
[2026-06-30 10:01:14]   → fa200745 Squat et écriture
[2026-06-30 10:01:16] 63 docs en attente…
[2026-06-30 10:01:16]   → fa200745 Squat et écriture
[2026-06-30 10:01:16] 63 docs en attente…
[2026-06-30 10:01:16]   → fa200745 Squat et écriture
[2026-06-30 10:01:17] 63 docs en attente…
[2026-06-30 10:01:17]   → fa200745 Squat et écriture
[2026-06-30 10:01:18] 63 docs en attente…
[2026-06-30 10:01:18]   → fa200745 Squat et écriture
[2026-06-30 10:01:19] 63 docs en attente…
[2026-06-30 10:01:19]   → fa200745 Squat et écriture
[2026-06-30 10:01:19] 63 docs en attente…
[2026-06-30 10:01:19]   → fa200745 Squat et écriture
[2026-06-30 10:01:20] 63 docs en attente…
[2026-06-30 10:01:20]   → fa200745 Squat et écriture
[2026-06-30 10:01:21] 63 docs en attente…
[2026-06-30 10:01:21]   → fa200745 Squat et écriture
[2026-06-30 10:01:22] 63 docs en attente…
[2026-06-30 10:01:22]   → fa200745 Squat et écriture
[2026-06-30 10:01:22] 63 docs en attente…
[2026-06-30 10:01:22]   → fa200745 Squat et écriture
[2026-06-30 10:01:24] 63 docs en attente…
[2026-06-30 10:01:24]   → fa200745 Squat et écriture
[2026-06-30 10:01:24] 63 docs en attente…
[2026-06-30 10:01:24]   → fa200745 Squat et écriture
[2026-06-30 10:01:25] 63 docs en attente…
[2026-06-30 10:01:25]   → fa200745 Squat et écriture
[2026-06-30 10:01:25] 63 docs en attente…
[2026-06-30 10:01:26]   → fa200745 Squat et écriture
[2026-06-30 10:02:11] === enrich_pending démarré ===
[2026-06-30 10:02:11] 63 docs en attente…
[2026-06-30 10:02:11]   → fa200745 Squat et écriture
[2026-06-30 10:02:13] 63 docs en attente…
[2026-06-30 10:02:13]   → fa200745 Squat et écriture
[2026-06-30 10:02:14] 63 docs en attente…
[2026-06-30 10:02:14]   → fa200745 Squat et écriture
[2026-06-30 10:02:15] 63 docs en attente…
[2026-06-30 10:02:15]   → fa200745 Squat et écriture
[2026-06-30 10:02:17] 63 docs en attente…
[2026-06-30 10:02:18]   → fa200745 Squat et écriture
[2026-06-30 10:02:19] 63 docs en attente…
[2026-06-30 10:02:19]   → fa200745 Squat et écriture
[2026-06-30 10:02:21] 63 docs en attente…
[2026-06-30 10:02:21]   → fa200745 Squat et écriture
[2026-06-30 10:02:23] 63 docs en attente…
[2026-06-30 10:02:23]   → fa200745 Squat et écriture
[2026-06-30 10:02:25] 63 docs en attente…
[2026-06-30 10:02:25]   → fa200745 Squat et écriture
[2026-06-30 10:02:26] 63 docs en attente…
[2026-06-30 10:02:26]   → fa200745 Squat et écriture
[2026-06-30 10:02:28] 63 docs en attente…
[2026-06-30 10:02:28]   → fa200745 Squat et écriture
[2026-06-30 10:02:30] 63 docs en attente…
[2026-06-30 10:02:30]   → fa200745 Squat et écriture
[2026-06-30 10:02:31] 63 docs en attente…
[2026-06-30 10:02:31]   → fa200745 Squat et écriture
[2026-06-30 10:02:32] 63 docs en attente…
[2026-06-30 10:02:32]   → fa200745 Squat et écriture
[2026-06-30 10:02:34] 63 docs en attente…
[2026-06-30 10:02:34]   → fa200745 Squat et écriture
[2026-06-30 10:02:35] 63 docs en attente…
[2026-06-30 10:02:35]   → fa200745 Squat et écriture
[2026-06-30 10:02:36] 63 docs en attente…
[2026-06-30 10:02:36]   → fa200745 Squat et écriture
[2026-06-30 10:02:38] 63 docs en attente…
[2026-06-30 10:02:38]   → fa200745 Squat et écriture
[2026-06-30 10:02:40] 63 docs en attente…
[2026-06-30 10:02:40]   → fa200745 Squat et écriture
[2026-06-30 10:02:41] 63 docs en attente…
[2026-06-30 10:02:41]   → fa200745 Squat et écriture
[2026-06-30 10:02:43] 63 docs en attente…
[2026-06-30 10:02:43]   → fa200745 Squat et écriture
[2026-06-30 10:02:45] 63 docs en attente…
[2026-06-30 10:02:45]   → fa200745 Squat et écriture
[2026-06-30 10:02:46] 63 docs en attente…
[2026-06-30 10:02:46]   → fa200745 Squat et écriture
[2026-06-30 10:02:47] 63 docs en attente…
[2026-06-30 10:02:47]   → fa200745 Squat et écriture
[2026-06-30 10:02:49] 63 docs en attente…
[2026-06-30 10:02:49]   → fa200745 Squat et écriture
[2026-06-30 10:02:50] 63 docs en attente…
[2026-06-30 10:02:50]   → fa200745 Squat et écriture
[2026-06-30 10:02:52] 63 docs en attente…
[2026-06-30 10:02:52]   → fa200745 Squat et écriture
[2026-06-30 10:02:53] 63 docs en attente…
[2026-06-30 10:02:53]   → fa200745 Squat et écriture
[2026-06-30 10:02:54] 63 docs en attente…
[2026-06-30 10:02:54]   → fa200745 Squat et écriture
[2026-06-30 10:02:56] 63 docs en attente…
[2026-06-30 10:02:56]   → fa200745 Squat et écriture
[2026-06-30 10:02:57] 63 docs en attente…
[2026-06-30 10:02:57]   → fa200745 Squat et écriture
[2026-06-30 10:02:58] 63 docs en attente…
[2026-06-30 10:02:58]   → fa200745 Squat et écriture
[2026-06-30 10:03:00] 63 docs en attente…
[2026-06-30 10:03:00]   → fa200745 Squat et écriture
[2026-06-30 10:03:01] 63 docs en attente…
[2026-06-30 10:03:01]   → fa200745 Squat et écriture
[2026-06-30 10:03:02] 63 docs en attente…
[2026-06-30 10:03:02]   → fa200745 Squat et écriture
[2026-06-30 10:03:03] 63 docs en attente…
[2026-06-30 10:03:03]   → fa200745 Squat et écriture
[2026-06-30 10:03:05] 63 docs en attente…
[2026-06-30 10:03:05]   → fa200745 Squat et écriture
[2026-06-30 10:03:06] 63 docs en attente…
[2026-06-30 10:03:06]   → fa200745 Squat et écriture
[2026-06-30 10:03:07] 63 docs en attente…
[2026-06-30 10:03:07]   → fa200745 Squat et écriture
[2026-06-30 10:03:09] 63 docs en attente…
[2026-06-30 10:03:09]   → fa200745 Squat et écriture
[2026-06-30 10:03:10] 63 docs en attente…
[2026-06-30 10:03:10]   → fa200745 Squat et écriture
[2026-06-30 10:03:12] 63 docs en attente…
[2026-06-30 10:03:12]   → fa200745 Squat et écriture
[2026-06-30 10:03:14] 63 docs en attente…
[2026-06-30 10:03:14]   → fa200745 Squat et écriture
[2026-06-30 10:03:16] 63 docs en attente…
[2026-06-30 10:03:16]   → fa200745 Squat et écriture
[2026-06-30 10:03:17] 63 docs en attente…
[2026-06-30 10:03:17]   → fa200745 Squat et écriture
[2026-06-30 10:03:19] 63 docs en attente…
[2026-06-30 10:03:19]   → fa200745 Squat et écriture
[2026-06-30 10:03:20] 63 docs en attente…
[2026-06-30 10:03:20]   → fa200745 Squat et écriture
[2026-06-30 10:03:21] 63 docs en attente…
[2026-06-30 10:03:21]   → fa200745 Squat et écriture
[2026-06-30 10:03:23] 63 docs en attente…
[2026-06-30 10:03:23]   → fa200745 Squat et écriture
[2026-06-30 10:03:24] 63 docs en attente…
[2026-06-30 10:03:24]   → fa200745 Squat et écriture
[2026-06-30 10:03:26] 63 docs en attente…
[2026-06-30 10:03:26]   → fa200745 Squat et écriture
[2026-06-30 10:03:28] 63 docs en attente…
[2026-06-30 10:03:28]   → fa200745 Squat et écriture
[2026-06-30 10:03:29] 63 docs en attente…
[2026-06-30 10:03:29]   → fa200745 Squat et écriture
[2026-06-30 10:03:30] 63 docs en attente…
[2026-06-30 10:03:31]   → fa200745 Squat et écriture
[2026-06-30 10:03:32] 63 docs en attente…
[2026-06-30 10:03:32]   → fa200745 Squat et écriture
[2026-06-30 10:03:33] 63 docs en attente…
[2026-06-30 10:03:33]   → fa200745 Squat et écriture
[2026-06-30 10:03:35] 63 docs en attente…
[2026-06-30 10:03:35]   → fa200745 Squat et écriture
[2026-06-30 10:03:36] 63 docs en attente…
[2026-06-30 10:03:36]   → fa200745 Squat et écriture
[2026-06-30 10:03:37] 63 docs en attente…
[2026-06-30 10:03:37]   → fa200745 Squat et écriture
[2026-06-30 10:03:39] 63 docs en attente…
[2026-06-30 10:03:39]   → fa200745 Squat et écriture
[2026-06-30 10:03:40] 63 docs en attente…
[2026-06-30 10:03:40]   → fa200745 Squat et écriture
[2026-06-30 10:03:42] 63 docs en attente…
[2026-06-30 10:03:42]   → fa200745 Squat et écriture
[2026-06-30 10:03:43] 63 docs en attente…
[2026-06-30 10:03:43]   → fa200745 Squat et écriture
[2026-06-30 10:03:44] 63 docs en attente…
[2026-06-30 10:03:44]   → fa200745 Squat et écriture
[2026-06-30 10:03:46] 63 docs en attente…
[2026-06-30 10:03:46]   → fa200745 Squat et écriture
[2026-06-30 10:03:47] 63 docs en attente…
[2026-06-30 10:03:47]   → fa200745 Squat et écriture
[2026-06-30 10:03:48] 63 docs en attente…
[2026-06-30 10:03:48]   → fa200745 Squat et écriture
[2026-06-30 10:03:50] 63 docs en attente…
[2026-06-30 10:03:50]   → fa200745 Squat et écriture
[2026-06-30 10:03:51] 63 docs en attente…
[2026-06-30 10:03:51]   → fa200745 Squat et écriture
[2026-06-30 10:03:52] 63 docs en attente…
[2026-06-30 10:03:52]   → fa200745 Squat et écriture
[2026-06-30 10:03:54] 63 docs en attente…
[2026-06-30 10:03:54]   → fa200745 Squat et écriture
[2026-06-30 10:03:55] 63 docs en attente…
[2026-06-30 10:03:55]   → fa200745 Squat et écriture
[2026-06-30 10:03:57] 63 docs en attente…
[2026-06-30 10:03:57]   → fa200745 Squat et écriture
[2026-06-30 10:03:58] 63 docs en attente…
[2026-06-30 10:03:58]   → fa200745 Squat et écriture
[2026-06-30 10:04:00] 63 docs en attente…
[2026-06-30 10:04:00]   → fa200745 Squat et écriture
[2026-06-30 10:04:02] 63 docs en attente…
[2026-06-30 10:04:02]   → fa200745 Squat et écriture
[2026-06-30 10:04:03] 63 docs en attente…
[2026-06-30 10:04:03]   → fa200745 Squat et écriture
[2026-06-30 10:04:04] 63 docs en attente…
[2026-06-30 10:04:04]   → fa200745 Squat et écriture
[2026-06-30 10:04:06] 63 docs en attente…
[2026-06-30 10:04:06]   → fa200745 Squat et écriture
[2026-06-30 10:04:07] 63 docs en attente…
[2026-06-30 10:04:07]   → fa200745 Squat et écriture
[2026-06-30 10:04:08] 63 docs en attente…
[2026-06-30 10:04:08]   → fa200745 Squat et écriture
[2026-06-30 10:04:10] 63 docs en attente…
[2026-06-30 10:04:10]   → fa200745 Squat et écriture
[2026-06-30 10:04:12] 63 docs en attente…
[2026-06-30 10:04:12]   → fa200745 Squat et écriture
[2026-06-30 10:04:14] 63 docs en attente…
[2026-06-30 10:04:14]   → fa200745 Squat et écriture
[2026-06-30 10:04:16] 63 docs en attente…
[2026-06-30 10:04:16]   → fa200745 Squat et écriture
[2026-06-30 10:04:17] 63 docs en attente…
[2026-06-30 10:04:17]   → fa200745 Squat et écriture
[2026-06-30 10:04:18] 63 docs en attente…
[2026-06-30 10:04:18]   → fa200745 Squat et écriture
[2026-06-30 10:04:20] 63 docs en attente…
[2026-06-30 10:04:20]   → fa200745 Squat et écriture
[2026-06-30 10:04:21] 63 docs en attente…
[2026-06-30 10:04:21]   → fa200745 Squat et écriture
[2026-06-30 10:04:22] 63 docs en attente…
[2026-06-30 10:04:22]   → fa200745 Squat et écriture
[2026-06-30 10:04:25] 63 docs en attente…
[2026-06-30 10:04:25]   → fa200745 Squat et écriture
[2026-06-30 10:04:26] 63 docs en attente…
[2026-06-30 10:04:26]   → fa200745 Squat et écriture
[2026-06-30 10:04:27] 63 docs en attente…
[2026-06-30 10:04:27]   → fa200745 Squat et écriture
[2026-06-30 10:04:29] 63 docs en attente…
[2026-06-30 10:04:29]   → fa200745 Squat et écriture
[2026-06-30 10:04:30] 63 docs en attente…
[2026-06-30 10:04:30]   → fa200745 Squat et écriture
[2026-06-30 10:04:31] 63 docs en attente…
[2026-06-30 10:04:32]   → fa200745 Squat et écriture
[2026-06-30 10:04:33] 63 docs en attente…
[2026-06-30 10:04:33]   → fa200745 Squat et écriture
[2026-06-30 10:04:34] 63 docs en attente…
[2026-06-30 10:04:34]   → fa200745 Squat et écriture
[2026-06-30 10:04:36] 63 docs en attente…
[2026-06-30 10:04:36]   → fa200745 Squat et écriture
[2026-06-30 10:04:37] 63 docs en attente…
[2026-06-30 10:04:37]   → fa200745 Squat et écriture
[2026-06-30 10:04:39] 63 docs en attente…
[2026-06-30 10:04:39]   → fa200745 Squat et écriture
[2026-06-30 10:04:40] 63 docs en attente…
[2026-06-30 10:04:40]   → fa200745 Squat et écriture
[2026-06-30 10:04:42] 63 docs en attente…
[2026-06-30 10:05:08] === enrich_pending démarré ===
[2026-06-30 10:05:08] 63 docs en attente…
[2026-06-30 10:05:09]   → fa200745 Squat et écriture
[2026-06-30 10:05:10] 63 docs en attente…
[2026-06-30 10:05:10]   → fa200745 Squat et écriture
[2026-06-30 10:05:12] 63 docs en attente…
[2026-06-30 10:05:12]   → fa200745 Squat et écriture
[2026-06-30 10:05:13] 63 docs en attente…
[2026-06-30 10:05:13]   → fa200745 Squat et écriture
[2026-06-30 10:05:15] 63 docs en attente…
[2026-06-30 10:05:15]   → fa200745 Squat et écriture
[2026-06-30 10:05:16] 63 docs en attente…
[2026-06-30 10:05:16]   → fa200745 Squat et écriture
[2026-06-30 10:05:17] 63 docs en attente…
[2026-06-30 10:05:17]   → fa200745 Squat et écriture
[2026-06-30 10:05:19] 63 docs en attente…
[2026-06-30 10:05:19]   → fa200745 Squat et écriture
[2026-06-30 10:05:20] 63 docs en attente…
[2026-06-30 10:05:20]   → fa200745 Squat et écriture
[2026-06-30 10:05:21] 63 docs en attente…
[2026-06-30 10:05:21]   → fa200745 Squat et écriture
[2026-06-30 10:05:23] 63 docs en attente…
[2026-06-30 10:05:23]   → fa200745 Squat et écriture
[2026-06-30 10:05:24] 63 docs en attente…
[2026-06-30 10:05:24]   → fa200745 Squat et écriture
[2026-06-30 10:05:25] 63 docs en attente…
[2026-06-30 10:05:25]   → fa200745 Squat et écriture
[2026-06-30 10:05:27] 63 docs en attente…
[2026-06-30 10:05:27]   → fa200745 Squat et écriture
[2026-06-30 10:05:28] 63 docs en attente…
[2026-06-30 10:05:28]   → fa200745 Squat et écriture
[2026-06-30 10:05:30] 63 docs en attente…
[2026-06-30 10:05:30]   → fa200745 Squat et écriture
[2026-06-30 10:05:31] 63 docs en attente…
[2026-06-30 10:05:31]   → fa200745 Squat et écriture
[2026-06-30 10:05:33] 63 docs en attente…
[2026-06-30 10:05:33]   → fa200745 Squat et écriture
[2026-06-30 10:05:34] 63 docs en attente…
[2026-06-30 10:05:34]   → fa200745 Squat et écriture
[2026-06-30 10:05:35] 63 docs en attente…
[2026-06-30 10:05:35]   → fa200745 Squat et écriture
[2026-06-30 10:05:38] 63 docs en attente…
[2026-06-30 10:05:38]   → fa200745 Squat et écriture
[2026-06-30 10:05:40] 63 docs en attente…
[2026-06-30 10:05:40]   → fa200745 Squat et écriture
[2026-06-30 10:05:41] 63 docs en attente…
[2026-06-30 10:05:41]   → fa200745 Squat et écriture
[2026-06-30 10:05:43] 63 docs en attente…
[2026-06-30 10:05:43]   → fa200745 Squat et écriture
[2026-06-30 10:05:45] 63 docs en attente…
[2026-06-30 10:05:45]   → fa200745 Squat et écriture
[2026-06-30 10:05:47] 63 docs en attente…
[2026-06-30 10:05:47]   → fa200745 Squat et écriture
[2026-06-30 10:05:48] 63 docs en attente…
[2026-06-30 10:05:48]   → fa200745 Squat et écriture
[2026-06-30 10:05:50] 63 docs en attente…
[2026-06-30 10:05:50]   → fa200745 Squat et écriture
[2026-06-30 10:05:51] 63 docs en attente…
[2026-06-30 10:05:51]   → fa200745 Squat et écriture
[2026-06-30 10:05:53] 63 docs en attente…
[2026-06-30 10:05:53]   → fa200745 Squat et écriture
[2026-06-30 10:05:54] 63 docs en attente…
[2026-06-30 10:05:54]   → fa200745 Squat et écriture
[2026-06-30 10:05:56] 63 docs en attente…
[2026-06-30 10:05:56]   → fa200745 Squat et écriture
[2026-06-30 10:05:58] 63 docs en attente…
[2026-06-30 10:05:58]   → fa200745 Squat et écriture
[2026-06-30 10:06:00] 63 docs en attente…
[2026-06-30 10:06:00]   → fa200745 Squat et écriture
[2026-06-30 10:06:02] 63 docs en attente…
[2026-06-30 10:06:02]   → fa200745 Squat et écriture
[2026-06-30 10:06:03] 63 docs en attente…
[2026-06-30 10:06:03]   → fa200745 Squat et écriture
[2026-06-30 10:06:04] 63 docs en attente…
[2026-06-30 10:06:04]   → fa200745 Squat et écriture
[2026-06-30 10:06:06] 63 docs en attente…
[2026-06-30 10:06:06]   → fa200745 Squat et écriture
[2026-06-30 10:06:07] 63 docs en attente…
[2026-06-30 10:06:07]   → fa200745 Squat et écriture
[2026-06-30 10:06:08] 63 docs en attente…
[2026-06-30 10:06:08]   → fa200745 Squat et écriture
[2026-06-30 10:06:10] 63 docs en attente…
[2026-06-30 10:06:10]   → fa200745 Squat et écriture
[2026-06-30 10:06:11] 63 docs en attente…
[2026-06-30 10:06:11]   → fa200745 Squat et écriture
[2026-06-30 10:06:13] 63 docs en attente…
[2026-06-30 10:06:13]   → fa200745 Squat et écriture
[2026-06-30 10:06:14] 63 docs en attente…
[2026-06-30 10:06:14]   → fa200745 Squat et écriture
[2026-06-30 10:06:15] 63 docs en attente…
[2026-06-30 10:06:15]   → fa200745 Squat et écriture
[2026-06-30 10:06:17] 63 docs en attente…
[2026-06-30 10:06:17]   → fa200745 Squat et écriture
[2026-06-30 10:06:18] 63 docs en attente…
[2026-06-30 10:06:18]   → fa200745 Squat et écriture
[2026-06-30 10:06:20] 63 docs en attente…
[2026-06-30 10:06:20]   → fa200745 Squat et écriture
[2026-06-30 10:06:21] 63 docs en attente…
[2026-06-30 10:06:21]   → fa200745 Squat et écriture
[2026-06-30 10:06:22] 63 docs en attente…
[2026-06-30 10:06:22]   → fa200745 Squat et écriture
[2026-06-30 10:06:24] 63 docs en attente…
[2026-06-30 10:06:24]   → fa200745 Squat et écriture
[2026-06-30 10:06:26] 63 docs en attente…
[2026-06-30 10:06:26]   → fa200745 Squat et écriture
[2026-06-30 10:06:29] === enrich_pending démarré ===
[2026-06-30 10:06:29] 62 docs en attente…
[2026-06-30 10:06:29]   → fa6ceecb Emergency and winter time social housing (April 20
[2026-06-30 10:07:02]   ✓ fa6ceecb ok:1261c,5cit
[2026-06-30 10:07:03] 61 docs en attente…
[2026-06-30 10:07:03]   → 2c9c4d74 Hébergement d’urgence et hivernal — avril 2021
[2026-06-30 10:07:35]   ✓ 2c9c4d74 ok:1131c,3cit
[2026-06-30 10:07:36] 60 docs en attente…
[2026-06-30 10:07:36]   → 76ab1d39 Lutte contre les sfratti à Turin
